,Longitude,Latitude,R Squared
0,-92.45,-2.15,0.4063961998480585
1,-92.45,-2.05,0.3845022176194586
2,-92.45,-1.95,0.39097792966463696
3,-92.45,-1.85,0.42121477306313204
4,-92.45,-1.75,0.47315093591782276
5,-92.45,-1.65,0.4627966581683256
6,-92.45,-1.55,0.4852038770950754
7,-92.45,-1.45,0.5220346954039823
8,-92.45,-1.35,0.5052917626586357
9,-92.45,-1.25,0.4555733195957199
10,-92.45,-1.15,0.3997288814325114
11,-92.45,-1.05,0.38048431103149327
12,-92.45,-0.95,0.4332888634254233
13,-92.45,-0.85,0.4905733696529341
14,-92.45,-0.75,0.4625549902741346
15,-92.45,-0.65,0.43826651554057516
16,-92.45,-0.55,0.4278659283102886
17,-92.45,-0.45,0.46270382829989753
18,-92.45,-0.35,0.5389217732841427
19,-92.45,-0.25,0.5184088714673432
20,-92.45,-0.15,0.4600171778716673
21,-92.45,-0.05,0.39866052047535405
22,-92.45,0.05,0.38406694538174324
23,-92.45,0.15,0.4014759060978208
24,-92.45,0.25,0.43725815980937444
25,-92.45,0.35,0.526579495600328
26,-92.45,0.45,0.5900048900987099
27,-92.45,0.55,0.5609588447173337
28,-92.45,0.65,0.5862699263047408
29,-92.45,0.75,0.5403200755021934
30,-92.45,0.85,0.53479887411876
31,-92.45,0.95,0.5634430416959
32,-92.45,1.05,0.6006467284482349
33,-92.45,1.15,0.6349704098174362
34,-92.45,1.25,0.6014473141954013
35,-92.45,1.35,0.6034670780628273
36,-92.45,1.45,0.6148400893233288
37,-92.45,1.55,0.6064505433860946
38,-92.45,1.65,0.6002761012084168
39,-92.45,1.75,0.6003438680127602
40,-92.45,1.85,0.5987421074977124
41,-92.45,1.95,0.5875330167856718
42,-92.35,-2.15,0.3744674942421915
43,-92.35,-2.05,0.3784651656680762
44,-92.35,-1.95,0.39110701601921016
45,-92.35,-1.85,0.4223133494054707
46,-92.35,-1.75,0.43146954993404707
47,-92.35,-1.65,0.45651626329927975
48,-92.35,-1.55,0.5323333330969722
49,-92.35,-1.45,0.5299875779572331
50,-92.35,-1.35,0.5152408976017875
51,-92.35,-1.25,0.46240443124462427
52,-92.35,-1.15,0.4228877629711175
53,-92.35,-1.05,0.4146775998989981
54,-92.35,-0.95,0.4027419880290716
55,-92.35,-0.85,0.44999651156087117
56,-92.35,-0.75,0.4744662363415545
57,-92.35,-0.65,0.4980868948257169
58,-92.35,-0.55,0.47279780375030955
59,-92.35,-0.45,0.46590393831559807
60,-92.35,-0.35,0.5676035865510666
61,-92.35,-0.25,0.5412815370120259
62,-92.35,-0.15,0.4354837004156503
63,-92.35,-0.05,0.39067959705381317
64,-92.35,0.05,0.36994282008163415
65,-92.35,0.15,0.3785118854949716
66,-92.35,0.25,0.43387618105626613
67,-92.35,0.35,0.5261242235498286
68,-92.35,0.45,0.5916496540247592
69,-92.35,0.55,0.5671961338395533
70,-92.35,0.65,0.5572132735207307
71,-92.35,0.75,0.592907346310754
72,-92.35,0.85,0.5623653723152819
73,-92.35,0.95,0.5797586512938764
74,-92.35,1.05,0.6344821295932108
75,-92.35,1.15,0.6160571464916746
76,-92.35,1.25,0.6212819416012805
77,-92.35,1.35,0.6276786111190106
78,-92.35,1.45,0.626099869718258
79,-92.35,1.55,0.6124900864581677
80,-92.35,1.65,0.5823778090541993
81,-92.35,1.75,0.5871488737444996
82,-92.35,1.85,0.5931012469817742
83,-92.35,1.95,0.5647720046383109
84,-92.25,-2.15,0.4038174185089657
85,-92.25,-2.05,0.41866004316923155
86,-92.25,-1.95,0.43288884963055596
87,-92.25,-1.85,0.4570890915139785
88,-92.25,-1.75,0.44443878715279805
89,-92.25,-1.65,0.4351739771994565
90,-92.25,-1.55,0.5044229702936711
91,-92.25,-1.45,0.5456858035793548
92,-92.25,-1.35,0.5245587199289031
93,-92.25,-1.25,0.52173995953061
94,-92.25,-1.15,0.4837689187601537
95,-92.25,-1.05,0.48080335979459277
96,-92.25,-0.95,0.4554151481333927
97,-92.25,-0.85,0.4581117963411968
98,-92.25,-0.75,0.4602770743415985
99,-92.25,-0.65,0.5151622768194786
100,-92.25,-0.55,0.4938451407761495
101,-92.25,-0.45,0.4981043761423539
102,-92.25,-0.35,0.553328741170183
103,-92.25,-0.25,0.5370428935842717
104,-92.25,-0.15,0.4328672429138658
105,-92.25,-0.05,0.3889026277076184
106,-92.25,0.05,0.36806225003346704
107,-92.25,0.15,0.3881588041864926
108,-92.25,0.25,0.397226850231445
109,-92.25,0.35,0.47912258266101804
110,-92.25,0.45,0.5613178201338913
111,-92.25,0.55,0.5688942202924436
112,-92.25,0.65,0.5950003811060729
113,-92.25,0.75,0.5307193393074681
114,-92.25,0.85,0.511057729704594
115,-92.25,0.95,0.5625878302118226
116,-92.25,1.05,0.6809957398309906
117,-92.25,1.15,0.649762258890377
118,-92.25,1.25,0.6230751779933555
119,-92.25,1.35,0.6151199741355087
120,-92.25,1.45,0.6298372728487709
121,-92.25,1.55,0.6012162268860808
122,-92.25,1.65,0.5743557858635882
123,-92.25,1.75,0.6008289685497565
124,-92.25,1.85,0.5792697260919688
125,-92.25,1.95,0.5706253144345462
126,-92.15,-2.15,0.4628632578103078
127,-92.15,-2.05,0.42025354548334715
128,-92.15,-1.95,0.4652245455477759
129,-92.15,-1.85,0.4719383361054068
130,-92.15,-1.75,0.4712728746725162
131,-92.15,-1.65,0.47898372703660863
132,-92.15,-1.55,0.4993033443997408
133,-92.15,-1.45,0.529473246579951
134,-92.15,-1.35,0.5429516115978116
135,-92.15,-1.25,0.5322609183347666
136,-92.15,-1.15,0.5438844371688087
137,-92.15,-1.05,0.534515816624243
138,-92.15,-0.95,0.5078493493750593
139,-92.15,-0.85,0.49356351506115625
140,-92.15,-0.75,0.4827376363280932
141,-92.15,-0.65,0.5275665636757132
142,-92.15,-0.55,0.5382154172216911
143,-92.15,-0.45,0.5429296407380062
144,-92.15,-0.35,0.5345047750415591
145,-92.15,-0.25,0.4971444765088847
146,-92.15,-0.15,0.44232785768154825
147,-92.15,-0.05,0.40534603492041266
148,-92.15,0.05,0.4000943247462474
149,-92.15,0.15,0.39402465532773767
150,-92.15,0.25,0.3700081863096426
151,-92.15,0.35,0.4358176889709241
152,-92.15,0.45,0.4668291911587912
153,-92.15,0.55,0.5312648942506175
154,-92.15,0.65,0.5754519417529212
155,-92.15,0.75,0.49534957291953496
156,-92.15,0.85,0.5256721609847459
157,-92.15,0.95,0.5996181642151658
158,-92.15,1.05,0.6532180535866579
159,-92.15,1.15,0.6639457889745066
160,-92.15,1.25,0.6302606863671888
161,-92.15,1.35,0.6439592581390929
162,-92.15,1.45,0.6355253357335091
163,-92.15,1.55,0.6298878316410336
164,-92.15,1.65,0.5866827778980338
165,-92.15,1.75,0.5965687511586073
166,-92.15,1.85,0.5790255637433066
167,-92.15,1.95,0.52858454618602
168,-92.05,-2.15,0.4473120040783092
169,-92.05,-2.05,0.41131342291380857
170,-92.05,-1.95,0.4643127101184201
171,-92.05,-1.85,0.48133473157357565
172,-92.05,-1.75,0.5200656299741886
173,-92.05,-1.65,0.49708239858632985
174,-92.05,-1.55,0.5075740977900086
175,-92.05,-1.45,0.5393466316220872
176,-92.05,-1.35,0.5351178840401616
177,-92.05,-1.25,0.5481853205638204
178,-92.05,-1.15,0.5295893692802252
179,-92.05,-1.05,0.5684677013407633
180,-92.05,-0.95,0.5815307752546495
181,-92.05,-0.85,0.5668962765841832
182,-92.05,-0.75,0.5569382647469667
183,-92.05,-0.65,0.5257450868615356
184,-92.05,-0.55,0.5191613136212063
185,-92.05,-0.45,0.5242783856230209
186,-92.05,-0.35,0.5333046845291827
187,-92.05,-0.25,0.48836836316700505
188,-92.05,-0.15,0.4241272812445843
189,-92.05,-0.05,0.3627576826936113
190,-92.05,0.05,0.33646024167616173
191,-92.05,0.15,0.38602038260672344
192,-92.05,0.25,0.38624189032623757
193,-92.05,0.35,0.4532710774581078
194,-92.05,0.45,0.47095227206500945
195,-92.05,0.55,0.47753101434510636
196,-92.05,0.65,0.4829652561822998
197,-92.05,0.75,0.5220926482930839
198,-92.05,0.85,0.5493439516991787
199,-92.05,0.95,0.6192079868807253
200,-92.05,1.05,0.6628237268662925
201,-92.05,1.15,0.6305757672009704
202,-92.05,1.25,0.6244275531487168
203,-92.05,1.35,0.6389290916579338
204,-92.05,1.45,0.6415628356130236
205,-92.05,1.55,0.6051094998695198
206,-92.05,1.65,0.5726856013072457
207,-92.05,1.75,0.6021869993987272
208,-92.05,1.85,0.5623386847733882
209,-92.05,1.95,0.520182373542449
210,-91.95,-2.15,0.41846753777708445
211,-91.95,-2.05,0.4249488670063397
212,-91.95,-1.95,0.4495386491855212
213,-91.95,-1.85,0.48180134397202345
214,-91.95,-1.75,0.46929172296319266
215,-91.95,-1.65,0.49828295333704575
216,-91.95,-1.55,0.5262930386402718
217,-91.95,-1.45,0.5446487611234855
218,-91.95,-1.35,0.5447070277818111
219,-91.95,-1.25,0.5212021515731853
220,-91.95,-1.15,0.5552838026537796
221,-91.95,-1.05,0.5931846842711903
222,-91.95,-0.95,0.5536610168573725
223,-91.95,-0.85,0.5713016104867625
224,-91.95,-0.75,0.5234929085892197
225,-91.95,-0.65,0.47748456973801323
226,-91.95,-0.55,0.46738210820994475
227,-91.95,-0.45,0.47043036262217497
228,-91.95,-0.35,0.48672276914900736
229,-91.95,-0.25,0.4821339242115038
230,-91.95,-0.15,0.4684052674034943
231,-91.95,-0.05,0.4291387573625207
232,-91.95,0.05,0.34636390874554923
233,-91.95,0.15,0.3583398207170517
234,-91.95,0.25,0.37645797335499
235,-91.95,0.35,0.4132956338033671
236,-91.95,0.45,0.40130254826078926
237,-91.95,0.55,0.42034536789406374
238,-91.95,0.65,0.5653263485723714
239,-91.95,0.75,0.6702672984041825
240,-91.95,0.85,0.6029866387130942
241,-91.95,0.95,0.6717471660823744
242,-91.95,1.05,0.6523006520356748
243,-91.95,1.15,0.6382504333966057
244,-91.95,1.25,0.6198782806516874
245,-91.95,1.35,0.641845269323515
246,-91.95,1.45,0.635701899369933
247,-91.95,1.55,0.611052113492198
248,-91.95,1.65,0.6126915262066616
249,-91.95,1.75,0.6146234229462897
250,-91.95,1.85,0.5521596669405008
251,-91.95,1.95,0.5078347728502464
252,-91.85,-2.15,0.406205901430581
253,-91.85,-2.05,0.4289926391599914
254,-91.85,-1.95,0.43405839599750307
255,-91.85,-1.85,0.46820924851771084
256,-91.85,-1.75,0.4852168860529732
257,-91.85,-1.65,0.4975411800003168
258,-91.85,-1.55,0.5006867250661413
259,-91.85,-1.45,0.549404240876866
260,-91.85,-1.35,0.5549942400976964
261,-91.85,-1.25,0.546654469713286
262,-91.85,-1.15,0.5560320456101304
263,-91.85,-1.05,0.5743422877571696
264,-91.85,-0.95,0.5886606390601348
265,-91.85,-0.85,0.5724160342067801
266,-91.85,-0.75,0.5416135686185275
267,-91.85,-0.65,0.5064038246414084
268,-91.85,-0.55,0.4340176545425216
269,-91.85,-0.45,0.5065546248487774
270,-91.85,-0.35,0.5536661737164248
271,-91.85,-0.25,0.5119961118564611
272,-91.85,-0.15,0.5189179554101077
273,-91.85,-0.05,0.43517060031601607
274,-91.85,0.05,0.3621381928877814
275,-91.85,0.15,0.3690333051207333
276,-91.85,0.25,0.386092747259996
277,-91.85,0.35,0.38936919147790816
278,-91.85,0.45,0.3906152534999283
279,-91.85,0.55,0.5505051978407061
280,-91.85,0.65,0.5990886628702823
281,-91.85,0.75,0.6516800051371551
282,-91.85,0.85,0.692288949156361
283,-91.85,0.95,0.7315365301324366
284,-91.85,1.05,0.7244735702597095
285,-91.85,1.15,0.6686539085050871
286,-91.85,1.25,0.6527014632041719
287,-91.85,1.35,0.5987132430117263
288,-91.85,1.45,0.6149172730657351
289,-91.85,1.55,0.6140830589962035
290,-91.85,1.65,0.6090798373236659
291,-91.85,1.75,0.5946146064887253
292,-91.85,1.85,0.5465614552997553
293,-91.85,1.95,0.5501220547611703
294,-91.75,-2.15,0.37008684145557336
295,-91.75,-2.05,0.4405564643148433
296,-91.75,-1.95,0.4235386519507145
297,-91.75,-1.85,0.4920080439034701
298,-91.75,-1.75,0.47440140716319257
299,-91.75,-1.65,0.5010106552387141
300,-91.75,-1.55,0.4886292477577062
301,-91.75,-1.45,0.5328367602660717
302,-91.75,-1.35,0.5824740948681993
303,-91.75,-1.25,0.5242923932334473
304,-91.75,-1.15,0.5743803396897241
305,-91.75,-1.05,0.5902700043062927
306,-91.75,-0.95,0.5812195161764513
307,-91.75,-0.85,0.5428360559120275
308,-91.75,-0.75,0.5038157401017134
309,-91.75,-0.65,0.5811892794715658
310,-91.75,-0.55,0.5732919529538589
311,-91.75,-0.45,0.5828475092132286
312,-91.75,-0.35,0.5704575784362209
313,-91.75,-0.25,0.5402689127491218
314,-91.75,-0.15,0.4998102986551092
315,-91.75,-0.05,0.37536868341969387
316,-91.75,0.05,0.37557982133378975
317,-91.75,0.15,0.35725202026675573
318,-91.75,0.25,0.38891042270213316
319,-91.75,0.35,0.3263332510245267
320,-91.75,0.45,0.385755646928459
321,-91.75,0.55,0.5145312237791313
322,-91.75,0.65,0.5891897675737845
323,-91.75,0.75,0.6667447249724935
324,-91.75,0.85,0.7225692565750123
325,-91.75,0.95,0.7551162941384478
326,-91.75,1.05,0.6724628372900796
327,-91.75,1.15,0.628714753551845
328,-91.75,1.25,0.6075927559643739
329,-91.75,1.35,0.606065082116426
330,-91.75,1.45,0.6072816583278282
331,-91.75,1.55,0.6030392334596524
332,-91.75,1.65,0.5732620951933478
333,-91.75,1.75,0.5788770517857023
334,-91.75,1.85,0.5574271183367695
335,-91.75,1.95,0.5504982264313544
336,-91.65,-2.15,0.35557848598052777
337,-91.65,-2.05,0.4125735287881601
338,-91.65,-1.95,0.4339786374264718
339,-91.65,-1.85,0.5087052099427969
340,-91.65,-1.75,0.4869648677675402
341,-91.65,-1.65,0.4754509181140657
342,-91.65,-1.55,0.5232443466592027
343,-91.65,-1.45,0.5465653412493541
344,-91.65,-1.35,0.570931662670934
345,-91.65,-1.25,0.6451735862240329
346,-91.65,-1.15,0.6413996440747507
347,-91.65,-1.05,0.580251647541374
348,-91.65,-0.95,0.5639060174066777
349,-91.65,-0.85,0.5182582480177278
350,-91.65,-0.75,0.5417187673485355
351,-91.65,-0.65,0.5974446232073065
352,-91.65,-0.55,0.5854695017605696
353,-91.65,-0.45,0.5313180744111465
354,-91.65,-0.35,0.5031083002043083
355,-91.65,-0.25,0.5446289491179942
356,-91.65,-0.15,0.47148146297041427
357,-91.65,-0.05,0.46913376742280577
358,-91.65,0.05,0.39832301995023167
359,-91.65,0.15,0.3996679148317678
360,-91.65,0.25,0.4034879968006394
361,-91.65,0.35,0.42562674042003634
362,-91.65,0.45,0.5090743282520289
363,-91.65,0.55,0.6222967419764931
364,-91.65,0.65,0.6458879987853154
365,-91.65,0.75,0.7003982832334665
366,-91.65,0.85,0.7434639477348493
367,-91.65,0.95,0.7767696171526597
368,-91.65,1.05,0.7217840198553438
369,-91.65,1.15,0.619051403571115
370,-91.65,1.25,0.5441611778050954
371,-91.65,1.35,0.5650420819892648
372,-91.65,1.45,0.6164024912647447
373,-91.65,1.55,0.6170722983523094
374,-91.65,1.65,0.5892500655405828
375,-91.65,1.75,0.5942823661319132
376,-91.65,1.85,0.5676985644483545
377,-91.65,1.95,0.5933386019361051
378,-91.55,-2.15,0.3922349394971526
379,-91.55,-2.05,0.4325342467555042
380,-91.55,-1.95,0.4901159588358921
381,-91.55,-1.85,0.4829763756932498
382,-91.55,-1.75,0.4615249412285377
383,-91.55,-1.65,0.4602959947487839
384,-91.55,-1.55,0.47690407482412966
385,-91.55,-1.45,0.5283509175457219
386,-91.55,-1.35,0.5869207369953704
387,-91.55,-1.25,0.6670573909184345
388,-91.55,-1.15,0.67847633891818
389,-91.55,-1.05,0.5670321094396525
390,-91.55,-0.95,0.5685552574866255
391,-91.55,-0.85,0.5604458128188707
392,-91.55,-0.75,0.5269039301588366
393,-91.55,-0.65,0.5678939191874948
394,-91.55,-0.55,0.5702148882567049
395,-91.55,-0.45,0.5269954839214199
396,-91.55,-0.35,0.5488403240868496
397,-91.55,-0.25,0.5064150266072385
398,-91.55,-0.15,0.5075149570578579
399,-91.55,-0.05,0.540743825382993
400,-91.55,0.05,0.5030982679891844
401,-91.55,0.15,0.47503994878493294
402,-91.55,0.25,0.44803656975197637
403,-91.55,0.35,0.39545357519414137
404,-91.55,0.45,0.477284265123324
405,-91.55,0.55,0.5946537964274092
406,-91.55,0.65,0.6973132095662357
407,-91.55,0.75,0.7405253164599919
408,-91.55,0.85,0.7291796560182562
409,-91.55,0.95,0.7446698655795974
410,-91.55,1.05,0.7271408876479597
411,-91.55,1.15,0.5918102868510435
412,-91.55,1.25,0.5648537677254544
413,-91.55,1.35,0.5600027857331491
414,-91.55,1.45,0.5784783262512458
415,-91.55,1.55,0.6320814381807629
416,-91.55,1.65,0.5832376282956971
417,-91.55,1.75,0.5974246955670446
418,-91.55,1.85,0.6030802466007088
419,-91.55,1.95,0.6106005128459375
420,-91.45,-2.15,0.42965950720919166
421,-91.45,-2.05,0.487966666917917
422,-91.45,-1.95,0.49819198084113325
423,-91.45,-1.85,0.5039052956766263
424,-91.45,-1.75,0.5085635612704007
425,-91.45,-1.65,0.5012406463086065
426,-91.45,-1.55,0.5149460559027578
427,-91.45,-1.45,0.536458375606415
428,-91.45,-1.35,0.5466714107287629
429,-91.45,-1.25,0.7154070847184005
430,-91.45,-1.15,0.653261681280946
431,-91.45,-1.05,0.5935591967670875
432,-91.45,-0.95,0.5902903443468446
433,-91.45,-0.85,0.5651995857684944
434,-91.45,-0.75,0.5548550771233397
435,-91.45,-0.65,0.5413990183486803
436,-91.45,-0.55,0.5599766674520964
437,-91.45,-0.45,0.5583867448454203
438,-91.45,-0.35,0.5923889107698443
439,-91.45,-0.25,0.6430367395858017
440,-91.45,-0.15,0.6424706841290104
441,-91.45,-0.05,0.6095989074953991
442,-91.45,0.05,0.5013786830734654
443,-91.45,0.15,0.5792359203827064
444,-91.45,0.25,0.48543739041136547
445,-91.45,0.35,0.42988086482052146
446,-91.45,0.45,0.509613391301105
447,-91.45,0.55,0.5963605186172087
448,-91.45,0.65,0.6528958993439642
449,-91.45,0.75,0.6964587960691053
450,-91.45,0.85,0.668289547845922
451,-91.45,0.95,0.6988020962673429
452,-91.45,1.05,0.641847359595926
453,-91.45,1.15,0.5691147491573656
454,-91.45,1.25,0.5155659249640637
455,-91.45,1.35,0.46756853578636226
456,-91.45,1.45,0.552511911275902
457,-91.45,1.55,0.632767800429487
458,-91.45,1.65,0.572974908992834
459,-91.45,1.75,0.6072025261601941
460,-91.45,1.85,0.5879473241290569
461,-91.45,1.95,0.6489432603993279
462,-91.35,-2.15,0.4762743145206967
463,-91.35,-2.05,0.5223502112193963
464,-91.35,-1.95,0.5460723157964942
465,-91.35,-1.85,0.5074568208108914
466,-91.35,-1.75,0.49111436646965256
467,-91.35,-1.65,0.4733103628009403
468,-91.35,-1.55,0.5114403864081123
469,-91.35,-1.45,0.536050341917079
470,-91.35,-1.35,0.5980660934775301
471,-91.35,-1.25,0.7575939379536952
472,-91.35,-1.15,0.6588426797373815
473,-91.35,-1.05,0.6140126448161602
474,-91.35,-0.95,0.5588972710851539
475,-91.35,-0.85,0.5097892709799039
476,-91.35,-0.75,0.5564364297397422
477,-91.35,-0.65,0.602790944392902
478,-91.35,-0.55,0.5548912583630197
479,-91.35,-0.45,0.6204989624630526
480,-91.35,-0.35,0.6317050482668418
481,-91.35,-0.25,0.643881181072776
482,-91.35,-0.15,0.6474472970129872
483,-91.35,-0.05,0.6793644247618513
484,-91.35,0.05,0.578790807368184
485,-91.35,0.15,0.5350001096250612
486,-91.35,0.25,0.4785296112983004
487,-91.35,0.35,0.47809756965250505
488,-91.35,0.45,0.463395790170136
489,-91.35,0.55,0.5882355531787247
490,-91.35,0.65,0.6780209446501237
491,-91.35,0.75,0.6766276519552201
492,-91.35,0.85,0.6332291147089728
493,-91.35,0.95,0.651703141240541
494,-91.35,1.05,0.5550645539434784
495,-91.35,1.15,0.5712361443550154
496,-91.35,1.25,0.5218361378355574
497,-91.35,1.35,0.4933100350797347
498,-91.35,1.45,0.5430186197081115
499,-91.35,1.55,0.567450662485159
500,-91.35,1.65,0.5529467376249569
501,-91.35,1.75,0.6074357052053553
502,-91.35,1.85,0.6321552810600194
503,-91.35,1.95,0.6590699319309637
504,-91.25,-2.15,0.5058315916745464
505,-91.25,-2.05,0.5309366845470027
506,-91.25,-1.95,0.5413107878570091
507,-91.25,-1.85,0.5207367364067677
508,-91.25,-1.75,0.452420445728865
509,-91.25,-1.65,0.4507306248029668
510,-91.25,-1.55,0.5173379801507534
511,-91.25,-1.45,0.522862496287229
512,-91.25,-1.35,0.604706712705894
513,-91.25,-1.25,0.6707426071237516
514,-91.25,-1.15,0.6365550280224952
515,-91.25,-1.05,0.6914596953145744
516,-91.25,-0.95,0.605878596827102
517,-91.25,-0.85,0.5886162319131116
518,-91.25,-0.75,0.5647085829753777
519,-91.25,-0.65,0.5574811920891154
520,-91.25,-0.55,0.554110786497543
521,-91.25,-0.45,0.5792400394501211
522,-91.25,-0.35,0.6330485135464006
523,-91.25,-0.25,0.5971907426079353
524,-91.25,-0.15,0.603458017702911
525,-91.25,-0.05,0.6310754539952008
526,-91.25,0.05,0.5619984056953502
527,-91.25,0.15,0.5468110421772504
528,-91.25,0.25,0.48541797581577495
529,-91.25,0.35,0.4601869451314803
530,-91.25,0.45,0.5321804981930285
531,-91.25,0.55,0.5689860830348537
532,-91.25,0.65,0.6876937210346885
533,-91.25,0.75,0.6929314089229455
534,-91.25,0.85,0.6345817181390098
535,-91.25,0.95,0.6447391678003143
536,-91.25,1.05,0.5789840338228989
537,-91.25,1.15,0.5613712408067858
538,-91.25,1.25,0.5572463039428168
539,-91.25,1.35,0.5325887702635422
540,-91.25,1.45,0.5177354666588652
541,-91.25,1.55,0.5492520400143854
542,-91.25,1.65,0.533185703786816
543,-91.25,1.75,0.5653110132960957
544,-91.25,1.85,0.5848839074353885
545,-91.25,1.95,0.6403720619962717
546,-91.15,-2.15,0.5113629788104563
547,-91.15,-2.05,0.5135973000238147
548,-91.15,-1.95,0.5072428947255264
549,-91.15,-1.85,0.4947913944466983
550,-91.15,-1.75,0.46512556253466397
551,-91.15,-1.65,0.483785924726412
552,-91.15,-1.55,0.5010709707604573
553,-91.15,-1.45,0.5196042741078268
554,-91.15,-1.35,0.5764900703254745
555,-91.15,-1.25,0.6926907838433328
556,-91.15,-1.15,0.6883098484401686
557,-91.15,-1.05,0.6646004367744338
558,-91.15,-0.95,0.6524598684133056
559,-91.15,-0.85,0.5977410379862624
560,-91.15,-0.75,0.5786563809916199
561,-91.15,-0.65,0.5816457283385794
562,-91.15,-0.55,0.5540828215045077
563,-91.15,-0.45,0.5703120765339665
564,-91.15,-0.35,0.6149319714718873
565,-91.15,-0.25,0.5882954985756519
566,-91.15,-0.15,0.6164513838252306
567,-91.15,-0.05,0.5220863781388296
568,-91.15,0.05,0.5310313437695061
569,-91.15,0.15,0.5494941940166198
570,-91.15,0.25,0.5177082792620438
571,-91.15,0.35,0.4656074035438338
572,-91.15,0.45,0.5370068928450584
573,-91.15,0.55,0.6415207045231865
574,-91.15,0.65,0.7001750275387137
575,-91.15,0.75,0.7052342085949848
576,-91.15,0.85,0.6583257261356072
577,-91.15,0.95,0.6604466210951878
578,-91.15,1.05,0.5768069806424527
579,-91.15,1.15,0.5772294805779412
580,-91.15,1.25,0.5619008011707199
581,-91.15,1.35,0.5214241831725155
582,-91.15,1.45,0.5429299376717769
583,-91.15,1.55,0.556228629565646
584,-91.15,1.65,0.5064004821706809
585,-91.15,1.75,0.5434403554094785
586,-91.15,1.85,0.5976628109939535
587,-91.15,1.95,0.6219774022102162
588,-91.05,-2.15,0.48337751951173613
589,-91.05,-2.05,0.4959998043521904
590,-91.05,-1.95,0.5054723759300118
591,-91.05,-1.85,0.49787229478275696
592,-91.05,-1.75,0.44540768275496256
593,-91.05,-1.65,0.4267384785215379
594,-91.05,-1.55,0.49402473655180146
595,-91.05,-1.45,0.5174889520117119
596,-91.05,-1.35,0.5676310633442601
597,-91.05,-1.25,0.5879110399300571
598,-91.05,-1.15,0.6199865458277953
599,-91.05,-1.05,0.5915846920812322
600,-91.05,-0.95,0.6649664453632914
601,-91.05,-0.85,0.6056674643079715
602,-91.05,-0.75,0.6103312806361252
603,-91.05,-0.65,0.6263570565512309
604,-91.05,-0.55,0.5859112963347695
605,-91.05,-0.45,0.5717163705958526
606,-91.05,-0.35,0.5666785388244442
607,-91.05,-0.25,0.5984804539484359
608,-91.05,-0.15,0.5416838857449893
609,-91.05,-0.05,0.6053334645917927
610,-91.05,0.05,0.527680627382309
611,-91.05,0.15,0.5228484601429711
612,-91.05,0.25,0.552075275802361
613,-91.05,0.35,0.6307129203725511
614,-91.05,0.45,0.5920619469156924
615,-91.05,0.55,0.6140372425225722
616,-91.05,0.65,0.7177987076992399
617,-91.05,0.75,0.7223576131444538
618,-91.05,0.85,0.692293500007694
619,-91.05,0.95,0.6560940370238281
620,-91.05,1.05,0.6080916194471461
621,-91.05,1.15,0.5974131127186453
622,-91.05,1.25,0.5492397713119985
623,-91.05,1.35,0.572623403652408
624,-91.05,1.45,0.5621254399817661
625,-91.05,1.55,0.5626348208142233
626,-91.05,1.65,0.5362355422594334
627,-91.05,1.75,0.5569443990346983
628,-91.05,1.85,0.5829266931968483
629,-91.05,1.95,0.6053886835127098
630,-90.95,-2.15,0.4412064402724527
631,-90.95,-2.05,0.4618994880949945
632,-90.95,-1.95,0.45605948244045014
633,-90.95,-1.85,0.4846970277937853
634,-90.95,-1.75,0.4441788844787853
635,-90.95,-1.65,0.44327838643359907
636,-90.95,-1.55,0.5056447965747364
637,-90.95,-1.45,0.48020675942978175
638,-90.95,-1.35,0.47895597835394865
639,-90.95,-1.25,0.575102986588194
640,-90.95,-1.15,0.4992529809643018
641,-90.95,-1.05,0.6122733859289904
642,-90.95,-0.95,0.6399763846792852
643,-90.95,-0.85,0.5908208954231807
644,-90.95,-0.75,0.6096093729056404
645,-90.95,-0.65,0.6080302844489188
646,-90.95,-0.55,0.5914798814421194
647,-90.95,-0.45,0.5683079203181729
648,-90.95,-0.35,0.589718766312734
649,-90.95,-0.25,0.6269723306623773
650,-90.95,-0.15,0.5639710510224365
651,-90.95,-0.05,0.525889077781442
652,-90.95,0.05,0.5759301407561772
653,-90.95,0.15,0.5522670216999358
654,-90.95,0.25,0.5150401862131573
655,-90.95,0.35,0.5533931116164533
656,-90.95,0.45,0.6363958354472278
657,-90.95,0.55,0.6397588974085766
658,-90.95,0.65,0.7119591276077397
659,-90.95,0.75,0.6620880113048075
660,-90.95,0.85,0.648461944606312
661,-90.95,0.95,0.549094394844482
662,-90.95,1.05,0.5088429315065834
663,-90.95,1.15,0.5284124735841615
664,-90.95,1.25,0.5372735376577451
665,-90.95,1.35,0.561554640510623
666,-90.95,1.45,0.5775449247923695
667,-90.95,1.55,0.5479069211182355
668,-90.95,1.65,0.5742589654411661
669,-90.95,1.75,0.5799027760203268
670,-90.95,1.85,0.5800872326975459
671,-90.95,1.95,0.6038620391408163
672,-90.85,-2.15,0.4211222858100001
673,-90.85,-2.05,0.45548128061165205
674,-90.85,-1.95,0.459616737003529
675,-90.85,-1.85,0.4595240413424029
676,-90.85,-1.75,0.47972117527670466
677,-90.85,-1.65,0.4770519522275448
678,-90.85,-1.55,0.4802334680857584
679,-90.85,-1.45,0.47055971760788895
680,-90.85,-1.35,0.5116174664301054
681,-90.85,-1.25,0.5203653739754361
682,-90.85,-1.15,0.5082382575277621
683,-90.85,-1.05,0.5364006730983861
684,-90.85,-0.95,0.5774601160585294
685,-90.85,-0.85,0.5619627273779557
686,-90.85,-0.75,0.602253779650609
687,-90.85,-0.65,0.6215960120304391
688,-90.85,-0.55,0.5875287143513371
689,-90.85,-0.45,0.48195899934781017
690,-90.85,-0.35,0.5968480235365774
691,-90.85,-0.25,0.584845421135879
692,-90.85,-0.15,0.6013312658700019
693,-90.85,-0.05,0.5470246301008681
694,-90.85,0.05,0.6045361007097336
695,-90.85,0.15,0.5964525335124884
696,-90.85,0.25,0.5160500142554627
697,-90.85,0.35,0.5030834602076087
698,-90.85,0.45,0.6630324724289511
699,-90.85,0.55,0.697840257582037
700,-90.85,0.65,0.7235919423252997
701,-90.85,0.75,0.6718017839788442
702,-90.85,0.85,0.6380800249266206
703,-90.85,0.95,0.5114222256944729
704,-90.85,1.05,0.4802473109200863
705,-90.85,1.15,0.4980920928878194
706,-90.85,1.25,0.5316202931977976
707,-90.85,1.35,0.5812843952507195
708,-90.85,1.45,0.5735335510408874
709,-90.85,1.55,0.5456498561973564
710,-90.85,1.65,0.596307067648647
711,-90.85,1.75,0.5742971607601959
712,-90.85,1.85,0.5988936658186336
713,-90.85,1.95,0.6127239838138603
714,-90.75,-2.15,0.39376167707741627
715,-90.75,-2.05,0.4346880789826606
716,-90.75,-1.95,0.46837103061476704
717,-90.75,-1.85,0.45485650290223634
718,-90.75,-1.75,0.4477573889719588
719,-90.75,-1.65,0.48699145116781073
720,-90.75,-1.55,0.4675511401245993
721,-90.75,-1.45,0.4681304609454978
722,-90.75,-1.35,0.4962294789857059
723,-90.75,-1.25,0.5426446881813789
724,-90.75,-1.15,0.5414520482106413
725,-90.75,-1.05,0.5291316365137183
726,-90.75,-0.95,0.5264481073640799
727,-90.75,-0.85,0.54263827267674
728,-90.75,-0.75,0.5990183429191662
729,-90.75,-0.65,0.5966423748465073
730,-90.75,-0.55,0.5286811094683795
731,-90.75,-0.45,0.5135263276801628
732,-90.75,-0.35,0.5550975875669136
733,-90.75,-0.25,0.3864825335210189
734,-90.75,-0.15,0.6239956016540105
735,-90.75,-0.05,0.4628354205679671
736,-90.75,0.05,0.5118336753296406
737,-90.75,0.15,0.425804461201599
738,-90.75,0.25,0.5403909440815173
739,-90.75,0.35,0.5324561580075313
740,-90.75,0.45,0.6903024159936572
741,-90.75,0.55,0.7177592345062924
742,-90.75,0.65,0.7285431014989718
743,-90.75,0.75,0.6208329163160884
744,-90.75,0.85,0.5350129137883792
745,-90.75,0.95,0.4688773246204355
746,-90.75,1.05,0.4689547838285094
747,-90.75,1.15,0.4738221977330228
748,-90.75,1.25,0.5252591389066734
749,-90.75,1.35,0.5612659641008297
750,-90.75,1.45,0.5450288622302544
751,-90.75,1.55,0.5444687783137746
752,-90.75,1.65,0.5792431768633091
753,-90.75,1.75,0.5726609649159433
754,-90.75,1.85,0.6205581834499203
755,-90.75,1.95,0.6141154762028824
756,-90.65,-2.15,0.3559945714317396
757,-90.65,-2.05,0.43389093421657765
758,-90.65,-1.95,0.45344708069295336
759,-90.65,-1.85,0.4407039774578153
760,-90.65,-1.75,0.4589818837074279
761,-90.65,-1.65,0.4530609666658786
762,-90.65,-1.55,0.46459971049998183
763,-90.65,-1.45,0.4739612593715279
764,-90.65,-1.35,0.453770659055753
765,-90.65,-1.25,0.5200286716307436
766,-90.65,-1.15,0.5587375062045808
767,-90.65,-1.05,0.4859195796580601
768,-90.65,-0.95,0.5170743980593561
769,-90.65,-0.85,0.6039889565560497
770,-90.65,-0.75,0.6175609192137734
771,-90.65,-0.65,0.5871292236051028
772,-90.65,-0.55,0.536240778248387
773,-90.65,-0.45,0.5238229337761522
774,-90.65,-0.35,0.4644231462267907
775,-90.65,-0.25,0.4247112671878436
776,-90.65,-0.15,0.6431476418690623
777,-90.65,-0.05,0.4937532771057551
778,-90.65,0.05,0.5340337784555043
779,-90.65,0.15,0.5125188362227551
780,-90.65,0.25,0.5358989373103075
781,-90.65,0.35,0.585459152349169
782,-90.65,0.45,0.670782480614023
783,-90.65,0.55,0.626767995276335
784,-90.65,0.65,0.6577877813841675
785,-90.65,0.75,0.6269576729949297
786,-90.65,0.85,0.48147902951396626
787,-90.65,0.95,0.47168211534427285
788,-90.65,1.05,0.501460701908557
789,-90.65,1.15,0.5274838391000446
790,-90.65,1.25,0.5228459167353329
791,-90.65,1.35,0.5501875814841286
792,-90.65,1.45,0.5498627363840747
793,-90.65,1.55,0.5433447911693385
794,-90.65,1.65,0.5256469808558938
795,-90.65,1.75,0.5381518737709365
796,-90.65,1.85,0.5864246977041023
797,-90.65,1.95,0.5885699154128129
798,-90.55,-2.15,0.3733673749118819
799,-90.55,-2.05,0.39971875920722677
800,-90.55,-1.95,0.43164645948913116
801,-90.55,-1.85,0.428399107491257
802,-90.55,-1.75,0.470720981822493
803,-90.55,-1.65,0.47119224295847184
804,-90.55,-1.55,0.48532429424771883
805,-90.55,-1.45,0.4915827006045098
806,-90.55,-1.35,0.4741482785165724
807,-90.55,-1.25,0.5191752968164035
808,-90.55,-1.15,0.5375571710423201
809,-90.55,-1.05,0.5004690631182739
810,-90.55,-0.95,0.5225562160679302
811,-90.55,-0.85,0.5825128125664253
812,-90.55,-0.75,0.6395800001210812
813,-90.55,-0.65,0.6175283226338957
814,-90.55,-0.55,0.5763455445018292
815,-90.55,-0.45,0.48623584415462917
816,-90.55,-0.35,0.5788392286727699
817,-90.55,-0.25,0.6400441521821738
818,-90.55,-0.15,0.5938114038857258
819,-90.55,-0.05,0.49690166377574985
820,-90.55,0.05,0.5050145979877511
821,-90.55,0.15,0.5561014848758952
822,-90.55,0.25,0.5786617014421283
823,-90.55,0.35,0.5900795033144316
824,-90.55,0.45,0.6520646468817614
825,-90.55,0.55,0.627925691706829
826,-90.55,0.65,0.6012990039101732
827,-90.55,0.75,0.5834093240261005
828,-90.55,0.85,0.5504343624974729
829,-90.55,0.95,0.4448366315187773
830,-90.55,1.05,0.4256481529146433
831,-90.55,1.15,0.5295064485849952
832,-90.55,1.25,0.517267356750835
833,-90.55,1.35,0.5107845523153436
834,-90.55,1.45,0.4933107396500751
835,-90.55,1.55,0.5136906544206452
836,-90.55,1.65,0.538781204956027
837,-90.55,1.75,0.5538649539344649
838,-90.55,1.85,0.5849381860977305
839,-90.55,1.95,0.6145478751811115
840,-90.45,-2.15,0.3561189507791189
841,-90.45,-2.05,0.3897423136715479
842,-90.45,-1.95,0.41024417502653043
843,-90.45,-1.85,0.430847450624547
844,-90.45,-1.75,0.4690346443047645
845,-90.45,-1.65,0.5033169556027889
846,-90.45,-1.55,0.5246983373027202
847,-90.45,-1.45,0.4572160889376613
848,-90.45,-1.35,0.4808362702909984
849,-90.45,-1.25,0.562648670678735
850,-90.45,-1.15,0.5787193736467241
851,-90.45,-1.05,0.525426104284947
852,-90.45,-0.95,0.6190737470840995
853,-90.45,-0.85,0.6335694890904044
854,-90.45,-0.75,0.6440348913833802
855,-90.45,-0.65,0.6657674829761077
856,-90.45,-0.55,0.6231887067773275
857,-90.45,-0.45,0.5144745324477119
858,-90.45,-0.35,0.5518692411053306
859,-90.45,-0.25,0.5676442391642695
860,-90.45,-0.15,0.5566673452276366
861,-90.45,-0.05,0.5222284145801939
862,-90.45,0.05,0.5551202770816746
863,-90.45,0.15,0.5763735519666521
864,-90.45,0.25,0.5690194502265977
865,-90.45,0.35,0.6393262029371414
866,-90.45,0.45,0.6532216401285212
867,-90.45,0.55,0.7054127143223818
868,-90.45,0.65,0.6188417868606841
869,-90.45,0.75,0.5598683929745233
870,-90.45,0.85,0.5209700114101532
871,-90.45,0.95,0.431708352106825
872,-90.45,1.05,0.44556732283152733
873,-90.45,1.15,0.43137013882257114
874,-90.45,1.25,0.4686141117581618
875,-90.45,1.35,0.4438982257397537
876,-90.45,1.45,0.46704331375943
877,-90.45,1.55,0.49147112914523083
878,-90.45,1.65,0.5110738620145349
879,-90.45,1.75,0.5163083240797004
880,-90.45,1.85,0.5743782090265163
881,-90.45,1.95,0.602815776268603
882,-90.35,-2.15,0.3424045803923984
883,-90.35,-2.05,0.37626234172805717
884,-90.35,-1.95,0.4445770526873002
885,-90.35,-1.85,0.4663949484285158
886,-90.35,-1.75,0.5024538821177973
887,-90.35,-1.65,0.48064850331742515
888,-90.35,-1.55,0.47502559585443815
889,-90.35,-1.45,0.4633635223383924
890,-90.35,-1.35,0.45542784071089837
891,-90.35,-1.25,0.5138266477954812
892,-90.35,-1.15,0.5388230472014816
893,-90.35,-1.05,0.5379725075264689
894,-90.35,-0.95,0.6013733200863012
895,-90.35,-0.85,0.6622684134381696
896,-90.35,-0.75,0.6374725206021099
897,-90.35,-0.65,0.6801256037241721
898,-90.35,-0.55,0.6270357625415439
899,-90.35,-0.45,0.4966322934062013
900,-90.35,-0.35,0.487672887556188
901,-90.35,-0.25,0.5167599635860347
902,-90.35,-0.15,0.5409569480660464
903,-90.35,-0.05,0.5349223197715498
904,-90.35,0.05,0.520862013212597
905,-90.35,0.15,0.49277213892136174
906,-90.35,0.25,0.60017488371837
907,-90.35,0.35,0.5753795883181798
908,-90.35,0.45,0.6101410882816342
909,-90.35,0.55,0.6812972027005932
910,-90.35,0.65,0.6327275251987985
911,-90.35,0.75,0.5241464487446164
912,-90.35,0.85,0.4598250462141539
913,-90.35,0.95,0.4234648041959579
914,-90.35,1.05,0.42377687712819556
915,-90.35,1.15,0.4518424160901795
916,-90.35,1.25,0.42128388743099465
917,-90.35,1.35,0.4016897818504037
918,-90.35,1.45,0.45191387323237386
919,-90.35,1.55,0.47734467277014403
920,-90.35,1.65,0.4583988116997546
921,-90.35,1.75,0.495445879158083
922,-90.35,1.85,0.5323508368506222
923,-90.35,1.95,0.5730104941037607
924,-90.25,-2.15,0.33865969844860044
925,-90.25,-2.05,0.3753389263840705
926,-90.25,-1.95,0.41595786259590695
927,-90.25,-1.85,0.4582575478059958
928,-90.25,-1.75,0.4926340816319871
929,-90.25,-1.65,0.48537458613706896
930,-90.25,-1.55,0.4917246671779242
931,-90.25,-1.45,0.4965815328358979
932,-90.25,-1.35,0.500980753606169
933,-90.25,-1.25,0.523360609404331
934,-90.25,-1.15,0.5571510318520794
935,-90.25,-1.05,0.5572470930810618
936,-90.25,-0.95,0.5815384897890976
937,-90.25,-0.85,0.6383333834238121
938,-90.25,-0.75,0.6703759082860549
939,-90.25,-0.65,0.6890934899419584
940,-90.25,-0.55,0.599633366077063
941,-90.25,-0.45,0.5480139987178135
942,-90.25,-0.35,0.46790255463673036
943,-90.25,-0.25,0.5152181479312931
944,-90.25,-0.15,0.5276421431502671
945,-90.25,-0.05,0.5118807972313044
946,-90.25,0.05,0.5029445973297045
947,-90.25,0.15,0.5658643977022013
948,-90.25,0.25,0.5951126426003635
949,-90.25,0.35,0.6526133629745818
950,-90.25,0.45,0.6079606995956368
951,-90.25,0.55,0.5333285747157699
952,-90.25,0.65,0.5166744634927275
953,-90.25,0.75,0.6114136042185221
954,-90.25,0.85,0.5589985167919318
955,-90.25,0.95,0.3911975715812449
956,-90.25,1.05,0.3518214627849895
957,-90.25,1.15,0.4035752440170499
958,-90.25,1.25,0.36991217874956217
959,-90.25,1.35,0.3789313941304048
960,-90.25,1.45,0.38735913045098014
961,-90.25,1.55,0.4493627938338143
962,-90.25,1.65,0.42118301000034375
963,-90.25,1.75,0.48526177695737194
964,-90.25,1.85,0.5761175230135209
965,-90.25,1.95,0.6020551002655299
966,-90.15,-2.15,0.29026456541422396
967,-90.15,-2.05,0.34516808325982506
968,-90.15,-1.95,0.4040266348786883
969,-90.15,-1.85,0.4435002889956543
970,-90.15,-1.75,0.45178534234118395
971,-90.15,-1.65,0.47622593607804276
972,-90.15,-1.55,0.5050898802206674
973,-90.15,-1.45,0.538069265492522
974,-90.15,-1.35,0.5593151824052864
975,-90.15,-1.25,0.5465440901664029
976,-90.15,-1.15,0.5633879586457095
977,-90.15,-1.05,0.5796453973553999
978,-90.15,-0.95,0.5747483326504972
979,-90.15,-0.85,0.5776483145416512
980,-90.15,-0.75,0.5989563027790406
981,-90.15,-0.65,0.6218681020842869
982,-90.15,-0.55,0.5580631471117385
983,-90.15,-0.45,0.5411594165448439
984,-90.15,-0.35,0.45508175432682796
985,-90.15,-0.25,0.46839301785814036
986,-90.15,-0.15,0.4764571988841081
987,-90.15,-0.05,0.4307496996867871
988,-90.15,0.05,0.5126646738692644
989,-90.15,0.15,0.5609465204219855
990,-90.15,0.25,0.6127419935984404
991,-90.15,0.35,0.6169711656657249
992,-90.15,0.45,0.5650353124157876
993,-90.15,0.55,0.5103940712679167
994,-90.15,0.65,0.6310836514496527
995,-90.15,0.75,0.5996016501238197
996,-90.15,0.85,0.5514937946097994
997,-90.15,0.95,0.46649662760039967
998,-90.15,1.05,0.45652295515744123
999,-90.15,1.15,0.37127578775242254
1000,-90.15,1.25,0.42090621049878696
1001,-90.15,1.35,0.37887124175031095
1002,-90.15,1.45,0.3967148424414709
1003,-90.15,1.55,0.42040107800625337
1004,-90.15,1.65,0.4461100888553132
1005,-90.15,1.75,0.48969502371177887
1006,-90.15,1.85,0.5394695110208836
1007,-90.15,1.95,0.5554404046271288
1008,-90.05,-2.15,0.2915586533741832
1009,-90.05,-2.05,0.31636585038185017
1010,-90.05,-1.95,0.3724438432820598
1011,-90.05,-1.85,0.42630606673030735
1012,-90.05,-1.75,0.44301908733469153
1013,-90.05,-1.65,0.4482637313470793
1014,-90.05,-1.55,0.49390119866074744
1015,-90.05,-1.45,0.5421295666713453
1016,-90.05,-1.35,0.48463987280210363
1017,-90.05,-1.25,0.5524996802706789
1018,-90.05,-1.15,0.5758868233300046
1019,-90.05,-1.05,0.603298086999386
1020,-90.05,-0.95,0.5688521521058212
1021,-90.05,-0.85,0.5744545827899752
1022,-90.05,-0.75,0.5983191220858857
1023,-90.05,-0.65,0.5404343808431522
1024,-90.05,-0.55,0.4540358729273697
1025,-90.05,-0.45,0.4783090198589818
1026,-90.05,-0.35,0.4262189339562312
1027,-90.05,-0.25,0.44889295955755093
1028,-90.05,-0.15,0.4581399395547271
1029,-90.05,-0.05,0.4530438101199298
1030,-90.05,0.05,0.535976301642626
1031,-90.05,0.15,0.6228944091108759
1032,-90.05,0.25,0.6492319928581021
1033,-90.05,0.35,0.6600933847779498
1034,-90.05,0.45,0.6579393518052487
1035,-90.05,0.55,0.6415954215845814
1036,-90.05,0.65,0.6500473639691853
1037,-90.05,0.75,0.540635511833066
1038,-90.05,0.85,0.4901458479253856
1039,-90.05,0.95,0.4511695961923863
1040,-90.05,1.05,0.4835500072765402
1041,-90.05,1.15,0.4919280882024155
1042,-90.05,1.25,0.4068378734332575
1043,-90.05,1.35,0.42699915849726267
1044,-90.05,1.45,0.41333042406642495
1045,-90.05,1.55,0.4371190893772853
1046,-90.05,1.65,0.4742795629031352
1047,-90.05,1.75,0.5073664670918989
1048,-90.05,1.85,0.5437333899007977
1049,-90.05,1.95,0.5529654698897892
1050,-89.95,-2.15,0.30266325652575443
1051,-89.95,-2.05,0.33328918322645296
1052,-89.95,-1.95,0.3647588610154019
1053,-89.95,-1.85,0.41018294247594067
1054,-89.95,-1.75,0.4082134554774519
1055,-89.95,-1.65,0.4403407537673787
1056,-89.95,-1.55,0.45365123627440296
1057,-89.95,-1.45,0.5132741726679269
1058,-89.95,-1.35,0.4240668233359767
1059,-89.95,-1.25,0.5273509068213815
1060,-89.95,-1.15,0.5397077141018201
1061,-89.95,-1.05,0.5825275967088197
1062,-89.95,-0.95,0.5512181277951502
1063,-89.95,-0.85,0.5831476299280818
1064,-89.95,-0.75,0.5786913452386367
1065,-89.95,-0.65,0.5934835477571951
1066,-89.95,-0.55,0.46359158934311506
1067,-89.95,-0.45,0.46446739257575054
1068,-89.95,-0.35,0.45783354939018583
1069,-89.95,-0.25,0.4530019243655531
1070,-89.95,-0.15,0.44972208168744243
1071,-89.95,-0.05,0.4561142831038668
1072,-89.95,0.05,0.5408882613467577
1073,-89.95,0.15,0.5077523033456508
1074,-89.95,0.25,0.6057344422554765
1075,-89.95,0.35,0.6422495818549809
1076,-89.95,0.45,0.6605057922078521
1077,-89.95,0.55,0.5956312635982207
1078,-89.95,0.65,0.523537543158094
1079,-89.95,0.75,0.4728659668983225
1080,-89.95,0.85,0.5048329270089642
1081,-89.95,0.95,0.4717320458826827
1082,-89.95,1.05,0.4428343993130224
1083,-89.95,1.15,0.48772560467907844
1084,-89.95,1.25,0.46181050779188315
1085,-89.95,1.35,0.47735359807596756
1086,-89.95,1.45,0.4718059639899107
1087,-89.95,1.55,0.47731615689921036
1088,-89.95,1.65,0.4689841338329318
1089,-89.95,1.75,0.4884719602102713
1090,-89.95,1.85,0.5161886785720013
1091,-89.95,1.95,0.5514357438213267
1092,-89.85,-2.15,0.3252333229783949
1093,-89.85,-2.05,0.3543075284184004
1094,-89.85,-1.95,0.34335950221552225
1095,-89.85,-1.85,0.3665214060181844
1096,-89.85,-1.75,0.39655658377983016
1097,-89.85,-1.65,0.430468084061171
1098,-89.85,-1.55,0.48088281361827123
1099,-89.85,-1.45,0.4940238806428474
1100,-89.85,-1.35,0.387420433701383
1101,-89.85,-1.25,0.4909136020127257
1102,-89.85,-1.15,0.5535711038221346
1103,-89.85,-1.05,0.5370349225674612
1104,-89.85,-0.95,0.5758237549977021
1105,-89.85,-0.85,0.5942289128607166
1106,-89.85,-0.75,0.5795585570102892
1107,-89.85,-0.65,0.56963510422534
1108,-89.85,-0.55,0.5358147397737323
1109,-89.85,-0.45,0.45813159804847436
1110,-89.85,-0.35,0.4396478829437208
1111,-89.85,-0.25,0.39991252679146594
1112,-89.85,-0.15,0.4068376065451259
1113,-89.85,-0.05,0.46933267623144215
1114,-89.85,0.05,0.539686465311185
1115,-89.85,0.15,0.5147402037514996
1116,-89.85,0.25,0.5771882029037609
1117,-89.85,0.35,0.5748593673592779
1118,-89.85,0.45,0.5464825317241531
1119,-89.85,0.55,0.45364337874496796
1120,-89.85,0.65,0.5491268428511895
1121,-89.85,0.75,0.5325557903983111
1122,-89.85,0.85,0.5616963941704037
1123,-89.85,0.95,0.48497009693005344
1124,-89.85,1.05,0.4769183238702711
1125,-89.85,1.15,0.44746193244059473
1126,-89.85,1.25,0.48638014960558673
1127,-89.85,1.35,0.48035549094429086
1128,-89.85,1.45,0.5057584867050237
1129,-89.85,1.55,0.49847197587237524
1130,-89.85,1.65,0.5153889688265434
1131,-89.85,1.75,0.48890449725574725
1132,-89.85,1.85,0.49374788424837013
1133,-89.85,1.95,0.562542472389743
1134,-89.75,-2.15,0.3239853145702901
1135,-89.75,-2.05,0.34259644359416275
1136,-89.75,-1.95,0.3645464810948409
1137,-89.75,-1.85,0.3721238155323149
1138,-89.75,-1.75,0.37584312237684814
1139,-89.75,-1.65,0.3958724951532868
1140,-89.75,-1.55,0.4887854551994799
1141,-89.75,-1.45,0.48938832182634695
1142,-89.75,-1.35,0.4495798387855918
1143,-89.75,-1.25,0.4688651469933396
1144,-89.75,-1.15,0.5468311735732125
1145,-89.75,-1.05,0.6037988499019942
1146,-89.75,-0.95,0.5493315200609199
1147,-89.75,-0.85,0.5812815340175028
1148,-89.75,-0.75,0.5659933336076608
1149,-89.75,-0.65,0.5714739418373473
1150,-89.75,-0.55,0.5489038657684512
1151,-89.75,-0.45,0.5165973281436333
1152,-89.75,-0.35,0.46144893400826215
1153,-89.75,-0.25,0.47847426913865143
1154,-89.75,-0.15,0.4219993187980705
1155,-89.75,-0.05,0.4155372552255763
1156,-89.75,0.05,0.5009439091557458
1157,-89.75,0.15,0.5159160909679559
1158,-89.75,0.25,0.5442823893979585
1159,-89.75,0.35,0.5580324108483945
1160,-89.75,0.45,0.4815233176830187
1161,-89.75,0.55,0.5327886830315075
1162,-89.75,0.65,0.52114549042287
1163,-89.75,0.75,0.6353410659597006
1164,-89.75,0.85,0.5634585594730639
1165,-89.75,0.95,0.5416417746029591
1166,-89.75,1.05,0.5380665027738885
1167,-89.75,1.15,0.5027482407027436
1168,-89.75,1.25,0.4840133924678456
1169,-89.75,1.35,0.46855399792543195
1170,-89.75,1.45,0.5057247318870147
1171,-89.75,1.55,0.555038803578233
1172,-89.75,1.65,0.5642021981439855
1173,-89.75,1.75,0.5077728183979956
1174,-89.75,1.85,0.5516083599857642
1175,-89.75,1.95,0.6048459646382727
1176,-89.65,-2.15,0.3265947060267588
1177,-89.65,-2.05,0.3216838367722653
1178,-89.65,-1.95,0.33886453896623536
1179,-89.65,-1.85,0.34357876434261125
1180,-89.65,-1.75,0.371338644446494
1181,-89.65,-1.65,0.42177899655372153
1182,-89.65,-1.55,0.45640079588764493
1183,-89.65,-1.45,0.4785497089210994
1184,-89.65,-1.35,0.42886922646490555
1185,-89.65,-1.25,0.4752370962671687
1186,-89.65,-1.15,0.5168249881007049
1187,-89.65,-1.05,0.5499377508636465
1188,-89.65,-0.95,0.5835773615757338
1189,-89.65,-0.85,0.5647457072993081
1190,-89.65,-0.75,0.5669121238088335
1191,-89.65,-0.65,0.5312167869479072
1192,-89.65,-0.55,0.46298129495502605
1193,-89.65,-0.45,0.532659714173354
1194,-89.65,-0.35,0.5216130563232225
1195,-89.65,-0.25,0.4807220500542062
1196,-89.65,-0.15,0.4009435386948662
1197,-89.65,-0.05,0.4558796773925091
1198,-89.65,0.05,0.5167575228679333
1199,-89.65,0.15,0.5389220919340573
1200,-89.65,0.25,0.5221099545396933
1201,-89.65,0.35,0.5378713934192674
1202,-89.65,0.45,0.5316645995127425
1203,-89.65,0.55,0.5414020852713313
1204,-89.65,0.65,0.4629737361639755
1205,-89.65,0.75,0.48986248662560583
1206,-89.65,0.85,0.4941623849390777
1207,-89.65,0.95,0.5312988261213346
1208,-89.65,1.05,0.5239195050085628
1209,-89.65,1.15,0.5067999456389898
1210,-89.65,1.25,0.462492912612789
1211,-89.65,1.35,0.4532118972093304
1212,-89.65,1.45,0.526740746848386
1213,-89.65,1.55,0.5666203379712655
1214,-89.65,1.65,0.5441016424179672
1215,-89.65,1.75,0.5679161470673497
1216,-89.65,1.85,0.5892602428051998
1217,-89.65,1.95,0.5989562781764823
1218,-89.55,-2.15,0.32317591222404574
1219,-89.55,-2.05,0.32583489071709404
1220,-89.55,-1.95,0.3276257376652215
1221,-89.55,-1.85,0.3434808206372475
1222,-89.55,-1.75,0.3844268652260212
1223,-89.55,-1.65,0.42048420855582014
1224,-89.55,-1.55,0.43348643227913886
1225,-89.55,-1.45,0.43699192769842243
1226,-89.55,-1.35,0.37701786147678185
1227,-89.55,-1.25,0.49679713362797084
1228,-89.55,-1.15,0.49068542398708126
1229,-89.55,-1.05,0.48849378070011706
1230,-89.55,-0.95,0.5539940607055263
1231,-89.55,-0.85,0.5152437277222206
1232,-89.55,-0.75,0.6242534732397405
1233,-89.55,-0.65,0.5755730252405191
1234,-89.55,-0.55,0.4527211300552876
1235,-89.55,-0.45,0.48820492228205903
1236,-89.55,-0.35,0.41689960761661105
1237,-89.55,-0.25,0.4256454209653633
1238,-89.55,-0.15,0.4229262997249045
1239,-89.55,-0.05,0.45980231154111384
1240,-89.55,0.05,0.48717014301070327
1241,-89.55,0.15,0.49695361442802855
1242,-89.55,0.25,0.4814534280341015
1243,-89.55,0.35,0.4891326718133452
1244,-89.55,0.45,0.4413701319912051
1245,-89.55,0.55,0.37979330762367025
1246,-89.55,0.65,0.42083908698119166
1247,-89.55,0.75,0.46704525934906294
1248,-89.55,0.85,0.4841135297188228
1249,-89.55,0.95,0.49814431806487325
1250,-89.55,1.05,0.49548400381133684
1251,-89.55,1.15,0.49934281583166884
1252,-89.55,1.25,0.48299517355938304
1253,-89.55,1.35,0.43490553539576515
1254,-89.55,1.45,0.49593205687865627
1255,-89.55,1.55,0.5413451037079979
1256,-89.55,1.65,0.5779491843449008
1257,-89.55,1.75,0.5554744461580519
1258,-89.55,1.85,0.5984159508366117
1259,-89.55,1.95,0.6027269752428434
1260,-89.45,-2.15,0.34431791793417454
1261,-89.45,-2.05,0.33048390267961003
1262,-89.45,-1.95,0.35730771059964306
1263,-89.45,-1.85,0.34013850719711936
1264,-89.45,-1.75,0.36680527736986135
1265,-89.45,-1.65,0.41372778308151903
1266,-89.45,-1.55,0.42800430830330605
1267,-89.45,-1.45,0.5175887588411083
1268,-89.45,-1.35,0.4898937044880898
1269,-89.45,-1.25,0.5009622947121785
1270,-89.45,-1.15,0.504846907678267
1271,-89.45,-1.05,0.5149229144302748
1272,-89.45,-0.95,0.526353897405365
1273,-89.45,-0.85,0.3518203383670665
1274,-89.45,-0.75,0.5087659838234012
1275,-89.45,-0.65,0.5322744361262964
1276,-89.45,-0.55,0.4760320530869184
1277,-89.45,-0.45,0.4901682904076474
1278,-89.45,-0.35,0.38059481123799144
1279,-89.45,-0.25,0.3770235146604034
1280,-89.45,-0.15,0.4188167616269701
1281,-89.45,-0.05,0.43202360928949735
1282,-89.45,0.05,0.5192885779061086
1283,-89.45,0.15,0.5826710228621543
1284,-89.45,0.25,0.4944897868135285
1285,-89.45,0.35,0.500534660143757
1286,-89.45,0.45,0.416686576387024
1287,-89.45,0.55,0.43529024162132457
1288,-89.45,0.65,0.47074756351187785
1289,-89.45,0.75,0.4685570922510436
1290,-89.45,0.85,0.4736310668228739
1291,-89.45,0.95,0.48009316936131796
1292,-89.45,1.05,0.5095526987302462
1293,-89.45,1.15,0.4826331409855238
1294,-89.45,1.25,0.4765234604842269
1295,-89.45,1.35,0.4538699593017489
1296,-89.45,1.45,0.4889889520895564
1297,-89.45,1.55,0.5228925912728999
1298,-89.45,1.65,0.5678640178230627
1299,-89.45,1.75,0.559907636112193
1300,-89.45,1.85,0.5672270882349529
1301,-89.45,1.95,0.5852771171573743
1302,-89.35,-2.15,0.3746588982834643
1303,-89.35,-2.05,0.3443712038691601
1304,-89.35,-1.95,0.3501951527861221
1305,-89.35,-1.85,0.34383739561370585
1306,-89.35,-1.75,0.33913066294295047
1307,-89.35,-1.65,0.3832384663435978
1308,-89.35,-1.55,0.4436448771961983
1309,-89.35,-1.45,0.4974398249943768
1310,-89.35,-1.35,0.49782299873538394
1311,-89.35,-1.25,0.48608382129139405
1312,-89.35,-1.15,0.51268805007057
1313,-89.35,-1.05,0.516912221822114
1314,-89.35,-0.95,0.5471869068114447
1315,-89.35,-0.85,0.39831902937877306
1316,-89.35,-0.75,0.5122684742047311
1317,-89.35,-0.65,0.5059855463109045
1318,-89.35,-0.55,0.447690845461274
1319,-89.35,-0.45,0.473600150411814
1320,-89.35,-0.35,0.41069479963720323
1321,-89.35,-0.25,0.4013579576392403
1322,-89.35,-0.15,0.41232745103070156
1323,-89.35,-0.05,0.5213092294264581
1324,-89.35,0.05,0.609286208404874
1325,-89.35,0.15,0.6736195751805409
1326,-89.35,0.25,0.6261470632006141
1327,-89.35,0.35,0.5803304927168017
1328,-89.35,0.45,0.5223769037168129
1329,-89.35,0.55,0.4085526015213865
1330,-89.35,0.65,0.40237298496864615
1331,-89.35,0.75,0.47535210456394916
1332,-89.35,0.85,0.4674377690996283
1333,-89.35,0.95,0.4728557128360905
1334,-89.35,1.05,0.4471683372379939
1335,-89.35,1.15,0.4439536192601775
1336,-89.35,1.25,0.4338417992689859
1337,-89.35,1.35,0.4508604707061592
1338,-89.35,1.45,0.45482993982988307
1339,-89.35,1.55,0.4933082307476381
1340,-89.35,1.65,0.5305460274350946
1341,-89.35,1.75,0.5042535313669427
1342,-89.35,1.85,0.5432685983413801
1343,-89.35,1.95,0.5226564732856744
1344,-89.25,-2.15,0.3662747623782193
1345,-89.25,-2.05,0.34949942330160433
1346,-89.25,-1.95,0.3772394835518995
1347,-89.25,-1.85,0.4022840977992942
1348,-89.25,-1.75,0.40838085561225723
1349,-89.25,-1.65,0.42412914458774453
1350,-89.25,-1.55,0.4483211746091358
1351,-89.25,-1.45,0.49667158500589403
1352,-89.25,-1.35,0.5032921628372236
1353,-89.25,-1.25,0.47521045339798496
1354,-89.25,-1.15,0.48049265294307697
1355,-89.25,-1.05,0.5049196192349595
1356,-89.25,-0.95,0.548366869019852
1357,-89.25,-0.85,0.5309834524284547
1358,-89.25,-0.75,0.5498199782728131
1359,-89.25,-0.65,0.4773642436373863
1360,-89.25,-0.55,0.4685616639253769
1361,-89.25,-0.45,0.4227736397988635
1362,-89.25,-0.35,0.42898076826879705
1363,-89.25,-0.25,0.47651236899179483
1364,-89.25,-0.15,0.5394834669750579
1365,-89.25,-0.05,0.5807828955371532
1366,-89.25,0.05,0.6744061669003738
1367,-89.25,0.15,0.625276861059368
1368,-89.25,0.25,0.6215206494870298
1369,-89.25,0.35,0.6554820424099764
1370,-89.25,0.45,0.5836850068617382
1371,-89.25,0.55,0.5374395892816444
1372,-89.25,0.65,0.4980457521722147
1373,-89.25,0.75,0.4853814569612642
1374,-89.25,0.85,0.5118555762786001
1375,-89.25,0.95,0.45344030226263476
1376,-89.25,1.05,0.4164293162759761
1377,-89.25,1.15,0.43365921309708366
1378,-89.25,1.25,0.4291401995839561
1379,-89.25,1.35,0.45681012425717005
1380,-89.25,1.45,0.4738360275868587
1381,-89.25,1.55,0.49667709540938954
1382,-89.25,1.65,0.5085747933283682
1383,-89.25,1.75,0.5004562158345457
1384,-89.25,1.85,0.5221914597771646
1385,-89.25,1.95,0.5222983822530796
1386,-89.15,-2.15,0.37999458793921637
1387,-89.15,-2.05,0.36445971270584865
1388,-89.15,-1.95,0.372427138312061
1389,-89.15,-1.85,0.4108336598103064
1390,-89.15,-1.75,0.4191655745709435
1391,-89.15,-1.65,0.4248934673668072
1392,-89.15,-1.55,0.4773530006245372
1393,-89.15,-1.45,0.5275865234390757
1394,-89.15,-1.35,0.5170852353798481
1395,-89.15,-1.25,0.5015880190458135
1396,-89.15,-1.15,0.48500545548424934
1397,-89.15,-1.05,0.5264402690187561
1398,-89.15,-0.95,0.5299116871538827
1399,-89.15,-0.85,0.4933793824465873
1400,-89.15,-0.75,0.5115049764913235
1401,-89.15,-0.65,0.5057608842609786
1402,-89.15,-0.55,0.4351480223566987
1403,-89.15,-0.45,0.3952181986113277
1404,-89.15,-0.35,0.46901490357565223
1405,-89.15,-0.25,0.5613057436883928
1406,-89.15,-0.15,0.6147036444171801
1407,-89.15,-0.05,0.6505635851506324
1408,-89.15,0.05,0.6282595083124449
1409,-89.15,0.15,0.6550584973425437
1410,-89.15,0.25,0.6661676789560584
1411,-89.15,0.35,0.5964676024430797
1412,-89.15,0.45,0.5194221309915004
1413,-89.15,0.55,0.517979521643138
1414,-89.15,0.65,0.4711496894622089
1415,-89.15,0.75,0.5006053930654553
1416,-89.15,0.85,0.4561152256847819
1417,-89.15,0.95,0.4503917999928745
1418,-89.15,1.05,0.4333774591542189
1419,-89.15,1.15,0.46210236174273955
1420,-89.15,1.25,0.45015647896946065
1421,-89.15,1.35,0.46952591371908425
1422,-89.15,1.45,0.45392605333897784
1423,-89.15,1.55,0.49979777786195523
1424,-89.15,1.65,0.5122327845095209
1425,-89.15,1.75,0.5614852203518246
1426,-89.15,1.85,0.5401076259735409
1427,-89.15,1.95,0.5272330987506839
1428,-89.05,-2.15,0.3682851578024242
1429,-89.05,-2.05,0.37256399651135486
1430,-89.05,-1.95,0.3895471257903047
1431,-89.05,-1.85,0.3907962091089662
1432,-89.05,-1.75,0.4046744436862756
1433,-89.05,-1.65,0.4466666809037998
1434,-89.05,-1.55,0.5007755487951318
1435,-89.05,-1.45,0.5311812534416962
1436,-89.05,-1.35,0.5008973958873484
1437,-89.05,-1.25,0.4291713073171306
1438,-89.05,-1.15,0.46759332551886523
1439,-89.05,-1.05,0.5090165019426132
1440,-89.05,-0.95,0.4931572411527342
1441,-89.05,-0.85,0.4918100919035905
1442,-89.05,-0.75,0.5150496881492371
1443,-89.05,-0.65,0.4833534298569111
1444,-89.05,-0.55,0.4735187772079037
1445,-89.05,-0.45,0.4284088274759278
1446,-89.05,-0.35,0.47213962245480623
1447,-89.05,-0.25,0.6022704121973526
1448,-89.05,-0.15,0.6577276254234428
1449,-89.05,-0.05,0.6774468421861769
1450,-89.05,0.05,0.6829692419599298
1451,-89.05,0.15,0.6123100953713154
1452,-89.05,0.25,0.6352936786406123
1453,-89.05,0.35,0.6233145530185574
1454,-89.05,0.45,0.5305495603358111
1455,-89.05,0.55,0.5493858924257864
1456,-89.05,0.65,0.4817180305615075
1457,-89.05,0.75,0.4854203508927949
1458,-89.05,0.85,0.4771126086734254
1459,-89.05,0.95,0.5207606946524371
1460,-89.05,1.05,0.4714382911106051
1461,-89.05,1.15,0.4432940866484526
1462,-89.05,1.25,0.48298487330543016
1463,-89.05,1.35,0.4543580859865076
1464,-89.05,1.45,0.4582176997740002
1465,-89.05,1.55,0.4914131546633722
1466,-89.05,1.65,0.4742915705393431
1467,-89.05,1.75,0.5021698597560642
1468,-89.05,1.85,0.52427801952953
1469,-89.05,1.95,0.5646728560804856
1470,-88.95,-2.15,0.361597392903252
1471,-88.95,-2.05,0.3652194513626642
1472,-88.95,-1.95,0.3799792172279336
1473,-88.95,-1.85,0.3773123349314732
1474,-88.95,-1.75,0.4160127881553185
1475,-88.95,-1.65,0.4590381811276639
1476,-88.95,-1.55,0.4840509502078042
1477,-88.95,-1.45,0.5123808563800268
1478,-88.95,-1.35,0.4941272015218815
1479,-88.95,-1.25,0.4686915212533137
1480,-88.95,-1.15,0.4069651146462888
1481,-88.95,-1.05,0.48748517268030644
1482,-88.95,-0.95,0.4414913397399576
1483,-88.95,-0.85,0.48738167869611093
1484,-88.95,-0.75,0.48811762750065824
1485,-88.95,-0.65,0.46661894264390014
1486,-88.95,-0.55,0.4347632105660656
1487,-88.95,-0.45,0.42928687773543195
1488,-88.95,-0.35,0.5615565705584715
1489,-88.95,-0.25,0.6285694620825598
1490,-88.95,-0.15,0.6396657386486977
1491,-88.95,-0.05,0.630883378083944
1492,-88.95,0.05,0.5717798682575477
1493,-88.95,0.15,0.6548341210114696
1494,-88.95,0.25,0.6625366268731898
1495,-88.95,0.35,0.6647820438963661
1496,-88.95,0.45,0.639920210463035
1497,-88.95,0.55,0.6192389655057983
1498,-88.95,0.65,0.5157050421884899
1499,-88.95,0.75,0.5424742014748185
1500,-88.95,0.85,0.5084395382236064
1501,-88.95,0.95,0.5258454212495574
1502,-88.95,1.05,0.5231477252143858
1503,-88.95,1.15,0.5019256838055699
1504,-88.95,1.25,0.4789366746123148
1505,-88.95,1.35,0.44634283763487537
1506,-88.95,1.45,0.49152009065250934
1507,-88.95,1.55,0.5371257371733537
1508,-88.95,1.65,0.5182273576454864
1509,-88.95,1.75,0.5294394077828244
1510,-88.95,1.85,0.5318500194429401
1511,-88.95,1.95,0.5364469617396019
1512,-88.85,-2.15,0.37015689413784636
1513,-88.85,-2.05,0.3689604771026711
1514,-88.85,-1.95,0.35933166147607887
1515,-88.85,-1.85,0.3946958332327589
1516,-88.85,-1.75,0.42740918779107706
1517,-88.85,-1.65,0.4622440549921538
1518,-88.85,-1.55,0.45541677958298044
1519,-88.85,-1.45,0.4736043627743741
1520,-88.85,-1.35,0.502945618145151
1521,-88.85,-1.25,0.48574900721054814
1522,-88.85,-1.15,0.43919583989939204
1523,-88.85,-1.05,0.4211227292338515
1524,-88.85,-0.95,0.42105995757844217
1525,-88.85,-0.85,0.4455147899950008
1526,-88.85,-0.75,0.42865746420758777
1527,-88.85,-0.65,0.40687404247113734
1528,-88.85,-0.55,0.42142460339388266
1529,-88.85,-0.45,0.4436326441358338
1530,-88.85,-0.35,0.5052441861386971
1531,-88.85,-0.25,0.5481507615759151
1532,-88.85,-0.15,0.5728773063486737
1533,-88.85,-0.05,0.6025226028368391
1534,-88.85,0.05,0.5931946523539644
1535,-88.85,0.15,0.6180967979083296
1536,-88.85,0.25,0.6581042082370372
1537,-88.85,0.35,0.6802708945008078
1538,-88.85,0.45,0.6952287671576309
1539,-88.85,0.55,0.6393405451052065
1540,-88.85,0.65,0.5883462422519241
1541,-88.85,0.75,0.5709596247861428
1542,-88.85,0.85,0.5536281156179597
1543,-88.85,0.95,0.5477548983094214
1544,-88.85,1.05,0.5197403164979428
1545,-88.85,1.15,0.48495579807176126
1546,-88.85,1.25,0.47904782754055053
1547,-88.85,1.35,0.46319609119079785
1548,-88.85,1.45,0.470734767181088
1549,-88.85,1.55,0.4785655311229139
1550,-88.85,1.65,0.5033978123269631
1551,-88.85,1.75,0.526761608116353
1552,-88.85,1.85,0.563215870550466
1553,-88.85,1.95,0.5729050342177435
1554,-88.75,-2.15,0.39926989537138124
1555,-88.75,-2.05,0.3924379684354612
1556,-88.75,-1.95,0.41128948219329853
1557,-88.75,-1.85,0.4261248682423555
1558,-88.75,-1.75,0.45006595981192665
1559,-88.75,-1.65,0.4500142446735287
1560,-88.75,-1.55,0.4574828119015568
1561,-88.75,-1.45,0.46408654207843403
1562,-88.75,-1.35,0.46827268903785924
1563,-88.75,-1.25,0.46821743037689123
1564,-88.75,-1.15,0.4571642948859085
1565,-88.75,-1.05,0.40571887440515075
1566,-88.75,-0.95,0.3475407841992244
1567,-88.75,-0.85,0.3614300008080402
1568,-88.75,-0.75,0.3453796156288763
1569,-88.75,-0.65,0.39379479723190114
1570,-88.75,-0.55,0.4183377914706664
1571,-88.75,-0.45,0.4385679792269074
1572,-88.75,-0.35,0.45904359267051487
1573,-88.75,-0.25,0.5531683173317017
1574,-88.75,-0.15,0.5858931145269495
1575,-88.75,-0.05,0.6154438980497271
1576,-88.75,0.05,0.6195872016761319
1577,-88.75,0.15,0.6240766336244674
1578,-88.75,0.25,0.6507798277407508
1579,-88.75,0.35,0.6867267251384463
1580,-88.75,0.45,0.6399428868239461
1581,-88.75,0.55,0.6464417998455523
1582,-88.75,0.65,0.6016909515276871
1583,-88.75,0.75,0.6185838981811869
1584,-88.75,0.85,0.6012795369373483
1585,-88.75,0.95,0.5812515703052563
1586,-88.75,1.05,0.5281823239684537
1587,-88.75,1.15,0.4966882212867114
1588,-88.75,1.25,0.438933389845663
1589,-88.75,1.35,0.45501072982841817
1590,-88.75,1.45,0.46283102366687334
1591,-88.75,1.55,0.491247541147414
1592,-88.75,1.65,0.5336036307118164
1593,-88.75,1.75,0.5332479550298967
1594,-88.75,1.85,0.5616824752897298
1595,-88.75,1.95,0.5454392000298548
1596,-88.65,-2.15,0.40685040390054705
1597,-88.65,-2.05,0.40395297638160577
1598,-88.65,-1.95,0.4085862194385108
1599,-88.65,-1.85,0.40736400815772156
1600,-88.65,-1.75,0.4246138288219766
1601,-88.65,-1.65,0.45613218430423275
1602,-88.65,-1.55,0.4687358236724112
1603,-88.65,-1.45,0.47709630549821846
1604,-88.65,-1.35,0.5106827890583534
1605,-88.65,-1.25,0.5185276611862508
1606,-88.65,-1.15,0.45123859170945724
1607,-88.65,-1.05,0.3921253829437602
1608,-88.65,-0.95,0.3540178000634139
1609,-88.65,-0.85,0.3617613745082341
1610,-88.65,-0.75,0.3638326371900811
1611,-88.65,-0.65,0.39140217495383955
1612,-88.65,-0.55,0.39772744252793135
1613,-88.65,-0.45,0.42366313780241005
1614,-88.65,-0.35,0.5287737204914456
1615,-88.65,-0.25,0.561298328260042
1616,-88.65,-0.15,0.5831491815246107
1617,-88.65,-0.05,0.5987539248837113
1618,-88.65,0.05,0.6510697768679445
1619,-88.65,0.15,0.6700993383151079
1620,-88.65,0.25,0.6549258834897895
1621,-88.65,0.35,0.65895878793894
1622,-88.65,0.45,0.6833975417793345
1623,-88.65,0.55,0.6466721282394685
1624,-88.65,0.65,0.5848860258685231
1625,-88.65,0.75,0.6245514300920012
1626,-88.65,0.85,0.6425404492575799
1627,-88.65,0.95,0.5971772001607875
1628,-88.65,1.05,0.5790270871979579
1629,-88.65,1.15,0.5178737682474002
1630,-88.65,1.25,0.5110323476312267
1631,-88.65,1.35,0.5219472745787375
1632,-88.65,1.45,0.5137969561937348
1633,-88.65,1.55,0.5444776367129636
1634,-88.65,1.65,0.5630689359269196
1635,-88.65,1.75,0.5530103474481969
1636,-88.65,1.85,0.5129603525298857
1637,-88.65,1.95,0.49604945968948433
1638,-88.55,-2.15,0.41358716419276553
1639,-88.55,-2.05,0.41298565516643815
1640,-88.55,-1.95,0.4156955191849535
1641,-88.55,-1.85,0.4171535710664813
1642,-88.55,-1.75,0.4272240407105732
1643,-88.55,-1.65,0.43149780980473507
1644,-88.55,-1.55,0.43795362188155496
1645,-88.55,-1.45,0.4492041227591086
1646,-88.55,-1.35,0.49236591840668487
1647,-88.55,-1.25,0.4842541501452944
1648,-88.55,-1.15,0.43688563155135895
1649,-88.55,-1.05,0.3794229091871535
1650,-88.55,-0.95,0.363192011014309
1651,-88.55,-0.85,0.3501843780383638
1652,-88.55,-0.75,0.33873186224097496
1653,-88.55,-0.65,0.37001046112383007
1654,-88.55,-0.55,0.38129620697795763
1655,-88.55,-0.45,0.41128022332083214
1656,-88.55,-0.35,0.5019298984433511
1657,-88.55,-0.25,0.5643816691930238
1658,-88.55,-0.15,0.5759859863186743
1659,-88.55,-0.05,0.6370688163994122
1660,-88.55,0.05,0.63285906027487
1661,-88.55,0.15,0.6283281924370763
1662,-88.55,0.25,0.6297547966396568
1663,-88.55,0.35,0.6561611964863259
1664,-88.55,0.45,0.6110928979526894
1665,-88.55,0.55,0.5788432208675023
1666,-88.55,0.65,0.6009570180045016
1667,-88.55,0.75,0.5949191672412181
1668,-88.55,0.85,0.6401117230668091
1669,-88.55,0.95,0.655621808731746
1670,-88.55,1.05,0.5915796968407998
1671,-88.55,1.15,0.5427705789408119
1672,-88.55,1.25,0.5195018424321719
1673,-88.55,1.35,0.5573856746707143
1674,-88.55,1.45,0.5592129812215214
1675,-88.55,1.55,0.5792981603139606
1676,-88.55,1.65,0.5644115876974869
1677,-88.55,1.75,0.5777364539602023
1678,-88.55,1.85,0.5574337909537297
1679,-88.55,1.95,0.501614491544794
1680,-88.45,-2.15,0.38565255434370194
1681,-88.45,-2.05,0.40178516885217275
1682,-88.45,-1.95,0.39040083083174215
1683,-88.45,-1.85,0.41919257790899633
1684,-88.45,-1.75,0.4150529354807485
1685,-88.45,-1.65,0.4396534833664958
1686,-88.45,-1.55,0.4287040449952373
1687,-88.45,-1.45,0.4669398408110508
1688,-88.45,-1.35,0.4720774979826049
1689,-88.45,-1.25,0.442119355853277
1690,-88.45,-1.15,0.433658793133068
1691,-88.45,-1.05,0.3782550262524218
1692,-88.45,-0.95,0.36207497241185305
1693,-88.45,-0.85,0.3411005123911377
1694,-88.45,-0.75,0.3510469570709869
1695,-88.45,-0.65,0.37173374040222595
1696,-88.45,-0.55,0.3941792264747218
1697,-88.45,-0.45,0.41389848726035217
1698,-88.45,-0.35,0.48955032480580396
1699,-88.45,-0.25,0.5612866372028467
1700,-88.45,-0.15,0.5811934676782886
1701,-88.45,-0.05,0.6275692688479342
1702,-88.45,0.05,0.5979613445753098
1703,-88.45,0.15,0.638853941380194
1704,-88.45,0.25,0.6497199065289971
1705,-88.45,0.35,0.6514878528255548
1706,-88.45,0.45,0.5946750777082945
1707,-88.45,0.55,0.593713463498095
1708,-88.45,0.65,0.5932076750327424
1709,-88.45,0.75,0.5775676691364167
1710,-88.45,0.85,0.6186325991865478
1711,-88.45,0.95,0.6298637594662913
1712,-88.45,1.05,0.619723897735858
1713,-88.45,1.15,0.597589730233909
1714,-88.45,1.25,0.5665620732426231
1715,-88.45,1.35,0.5517286263019161
1716,-88.45,1.45,0.6150716729048725
1717,-88.45,1.55,0.5971663510333791
1718,-88.45,1.65,0.5457021023121517
1719,-88.45,1.75,0.5286169518122297
1720,-88.45,1.85,0.5435719375433681
1721,-88.45,1.95,0.5026564291197877
1722,-88.35,-2.15,0.38098593896572674
1723,-88.35,-2.05,0.3967536505758469
1724,-88.35,-1.95,0.39722726723293766
1725,-88.35,-1.85,0.4071572947152853
1726,-88.35,-1.75,0.4161009164226277
1727,-88.35,-1.65,0.44124119870569045
1728,-88.35,-1.55,0.4545068291757569
1729,-88.35,-1.45,0.49789100080325355
1730,-88.35,-1.35,0.5094421561764171
1731,-88.35,-1.25,0.4535993713633174
1732,-88.35,-1.15,0.4527766364822515
1733,-88.35,-1.05,0.4064028198253541
1734,-88.35,-0.95,0.36350713297700155
1735,-88.35,-0.85,0.33335205597795325
1736,-88.35,-0.75,0.3345714484657374
1737,-88.35,-0.65,0.36755456364302475
1738,-88.35,-0.55,0.3919343440919427
1739,-88.35,-0.45,0.45185902754056617
1740,-88.35,-0.35,0.507727398749382
1741,-88.35,-0.25,0.5708869721118677
1742,-88.35,-0.15,0.6136416634041352
1743,-88.35,-0.05,0.6401822904464514
1744,-88.35,0.05,0.6131955823050956
1745,-88.35,0.15,0.6195406962175429
1746,-88.35,0.25,0.6246443340155885
1747,-88.35,0.35,0.604610551224714
1748,-88.35,0.45,0.5683848628185469
1749,-88.35,0.55,0.5844251858239562
1750,-88.35,0.65,0.569058049969203
1751,-88.35,0.75,0.6058343207935826
1752,-88.35,0.85,0.5706371228627248
1753,-88.35,0.95,0.5912399711630423
1754,-88.35,1.05,0.6023431708602764
1755,-88.35,1.15,0.586184562873499
1756,-88.35,1.25,0.5747050747798443
1757,-88.35,1.35,0.5611846386095616
1758,-88.35,1.45,0.6154664095826912
1759,-88.35,1.55,0.5662453564275602
1760,-88.35,1.65,0.5109694899018384
1761,-88.35,1.75,0.5098987420946333
1762,-88.35,1.85,0.548038991912577
1763,-88.35,1.95,0.5038706681085359
1764,-88.25,-2.15,0.3938435940323035
1765,-88.25,-2.05,0.3858456411583875
1766,-88.25,-1.95,0.3986201959657881
1767,-88.25,-1.85,0.41722134112477427
1768,-88.25,-1.75,0.4192509279701193
1769,-88.25,-1.65,0.43564232425594673
1770,-88.25,-1.55,0.4327623285614173
1771,-88.25,-1.45,0.4859619839368743
1772,-88.25,-1.35,0.504249791770189
1773,-88.25,-1.25,0.47556080064613415
1774,-88.25,-1.15,0.4279372308280516
1775,-88.25,-1.05,0.39330202134261116
1776,-88.25,-0.95,0.3653822410712988
1777,-88.25,-0.85,0.32409931298244754
1778,-88.25,-0.75,0.3410535738936171
1779,-88.25,-0.65,0.39094150526078164
1780,-88.25,-0.55,0.44561072605603347
1781,-88.25,-0.45,0.4799533193477865
1782,-88.25,-0.35,0.5297007408570512
1783,-88.25,-0.25,0.5848328567572492
1784,-88.25,-0.15,0.6304331810626065
1785,-88.25,-0.05,0.6426741934655735
1786,-88.25,0.05,0.6414880315176228
1787,-88.25,0.15,0.6223807749729191
1788,-88.25,0.25,0.6379513109370594
1789,-88.25,0.35,0.6314688551419758
1790,-88.25,0.45,0.5899681201442616
1791,-88.25,0.55,0.6223803903649836
1792,-88.25,0.65,0.6292848791636925
1793,-88.25,0.75,0.6024700809754403
1794,-88.25,0.85,0.5862068804437699
1795,-88.25,0.95,0.5919508212261878
1796,-88.25,1.05,0.5990784049885941
1797,-88.25,1.15,0.5914392936948064
1798,-88.25,1.25,0.5932612307256406
1799,-88.25,1.35,0.6146222588892907
1800,-88.25,1.45,0.6004378180325174
1801,-88.25,1.55,0.5368977503316399
1802,-88.25,1.65,0.5215690303155472
1803,-88.25,1.75,0.4830530082959834
1804,-88.25,1.85,0.5306160089844995
1805,-88.25,1.95,0.5081844490061995
1806,-88.15,-2.15,0.4132180157112919
1807,-88.15,-2.05,0.4076452359568018
1808,-88.15,-1.95,0.39147131014040204
1809,-88.15,-1.85,0.4200116445759652
1810,-88.15,-1.75,0.4205760673253236
1811,-88.15,-1.65,0.4231589347116862
1812,-88.15,-1.55,0.433480100129118
1813,-88.15,-1.45,0.4879146544117344
1814,-88.15,-1.35,0.5029892920317731
1815,-88.15,-1.25,0.474386368132786
1816,-88.15,-1.15,0.4384318274999903
1817,-88.15,-1.05,0.38469495341540394
1818,-88.15,-0.95,0.37314357437195056
1819,-88.15,-0.85,0.35956265855291303
1820,-88.15,-0.75,0.3630502832912974
1821,-88.15,-0.65,0.4044941937614466
1822,-88.15,-0.55,0.43360023416876614
1823,-88.15,-0.45,0.4852448470855998
1824,-88.15,-0.35,0.5385422634688557
1825,-88.15,-0.25,0.565248760624082
1826,-88.15,-0.15,0.5944879665210325
1827,-88.15,-0.05,0.6308776872274928
1828,-88.15,0.05,0.6470223194942946
1829,-88.15,0.15,0.6179136484593901
1830,-88.15,0.25,0.6313117136423698
1831,-88.15,0.35,0.6228574873947024
1832,-88.15,0.45,0.6217558789551285
1833,-88.15,0.55,0.5949004592656737
1834,-88.15,0.65,0.604353259039775
1835,-88.15,0.75,0.6180491684368036
1836,-88.15,0.85,0.5972864470929646
1837,-88.15,0.95,0.601853019805917
1838,-88.15,1.05,0.6042676085401317
1839,-88.15,1.15,0.5864923260987822
1840,-88.15,1.25,0.57776021090573
1841,-88.15,1.35,0.5717962897410667
1842,-88.15,1.45,0.5633728682829573
1843,-88.15,1.55,0.5415227346933518
1844,-88.15,1.65,0.5213676154187958
1845,-88.15,1.75,0.4822747541987613
1846,-88.15,1.85,0.526949425215513
1847,-88.15,1.95,0.5292341869938393
1848,-88.05,-2.15,0.4141441774858836
1849,-88.05,-2.05,0.4169444397150811
1850,-88.05,-1.95,0.42350627606668556
1851,-88.05,-1.85,0.4350998889428702
1852,-88.05,-1.75,0.42736532740927047
1853,-88.05,-1.65,0.4362004591716301
1854,-88.05,-1.55,0.435145056559883
1855,-88.05,-1.45,0.47884479272272096
1856,-88.05,-1.35,0.4941125913408909
1857,-88.05,-1.25,0.45646715169020957
1858,-88.05,-1.15,0.3914015462884275
1859,-88.05,-1.05,0.3832427124479105
1860,-88.05,-0.95,0.3579866843935442
1861,-88.05,-0.85,0.3731969324822052
1862,-88.05,-0.75,0.430706331504238
1863,-88.05,-0.65,0.42675230092317684
1864,-88.05,-0.55,0.48154738584872414
1865,-88.05,-0.45,0.5271966214677797
1866,-88.05,-0.35,0.5294686381414557
1867,-88.05,-0.25,0.5567013776920371
1868,-88.05,-0.15,0.6041993801097552
1869,-88.05,-0.05,0.5994690515823213
1870,-88.05,0.05,0.6462408250142049
1871,-88.05,0.15,0.6090623028224202
1872,-88.05,0.25,0.6230294936131244
1873,-88.05,0.35,0.6042207039172632
1874,-88.05,0.45,0.5869565475652484
1875,-88.05,0.55,0.5704181596129343
1876,-88.05,0.65,0.5724091963067862
1877,-88.05,0.75,0.5826022629525082
1878,-88.05,0.85,0.5901293933399767
1879,-88.05,0.95,0.6032922281018995
1880,-88.05,1.05,0.5881736321187119
1881,-88.05,1.15,0.5881980694198178
1882,-88.05,1.25,0.5575331227233253
1883,-88.05,1.35,0.559689591355983
1884,-88.05,1.45,0.5573174086853544
1885,-88.05,1.55,0.5232007506047183
1886,-88.05,1.65,0.46148868131658405
1887,-88.05,1.75,0.47171561232312553
1888,-88.05,1.85,0.4819620037634428
1889,-88.05,1.95,0.5009106186884636
1890,-87.95,-2.15,0.40393631913915684
1891,-87.95,-2.05,0.41930721336376076
1892,-87.95,-1.95,0.4179516985317905
1893,-87.95,-1.85,0.4158047130710617
1894,-87.95,-1.75,0.4287085255721288
1895,-87.95,-1.65,0.4404482474901449
1896,-87.95,-1.55,0.44103118970394284
1897,-87.95,-1.45,0.40618531289830984
1898,-87.95,-1.35,0.40259999423027204
1899,-87.95,-1.25,0.4008264635619153
1900,-87.95,-1.15,0.38589085959235614
1901,-87.95,-1.05,0.3952196852585841
1902,-87.95,-0.95,0.38164149393449454
1903,-87.95,-0.85,0.3815046580135416
1904,-87.95,-0.75,0.4031004567545283
1905,-87.95,-0.65,0.4450961303514135
1906,-87.95,-0.55,0.45679970237014367
1907,-87.95,-0.45,0.49110178487135225
1908,-87.95,-0.35,0.52890951690449
1909,-87.95,-0.25,0.563142991845744
1910,-87.95,-0.15,0.5777206789219818
1911,-87.95,-0.05,0.587385229409437
1912,-87.95,0.05,0.6106902651350938
1913,-87.95,0.15,0.590582722297115
1914,-87.95,0.25,0.6029903657695788
1915,-87.95,0.35,0.5784202237759185
1916,-87.95,0.45,0.5707293300078158
1917,-87.95,0.55,0.567745793141403
1918,-87.95,0.65,0.5740844672922707
1919,-87.95,0.75,0.5820390752632303
1920,-87.95,0.85,0.60487597918651
1921,-87.95,0.95,0.6032683547979041
1922,-87.95,1.05,0.574585944594051
1923,-87.95,1.15,0.5700201871408748
1924,-87.95,1.25,0.5532598504164772
1925,-87.95,1.35,0.5429476220296878
1926,-87.95,1.45,0.5623440023242701
1927,-87.95,1.55,0.4981694990030633
1928,-87.95,1.65,0.45470927800560845
1929,-87.95,1.75,0.45436692685347035
1930,-87.95,1.85,0.49982932908747946
1931,-87.95,1.95,0.5333233910345596
1932,-87.85,-2.15,0.4121959299318376
1933,-87.85,-2.05,0.39830090811844265
1934,-87.85,-1.95,0.4096469052090337
1935,-87.85,-1.85,0.4180656027848286
1936,-87.85,-1.75,0.4277688935261734
1937,-87.85,-1.65,0.453518421423888
1938,-87.85,-1.55,0.44242063634634277
1939,-87.85,-1.45,0.44040677343321466
1940,-87.85,-1.35,0.4020637251197592
1941,-87.85,-1.25,0.37755727022593066
1942,-87.85,-1.15,0.39415756956821035
1943,-87.85,-1.05,0.3783869289945958
1944,-87.85,-0.95,0.35407050901678505
1945,-87.85,-0.85,0.36910167258111204
1946,-87.85,-0.75,0.4030547461568016
1947,-87.85,-0.65,0.43502061620609955
1948,-87.85,-0.55,0.47148427866742637
1949,-87.85,-0.45,0.473620986460779
1950,-87.85,-0.35,0.5313141936482033
1951,-87.85,-0.25,0.569467200956743
1952,-87.85,-0.15,0.5806422169201094
1953,-87.85,-0.05,0.580814015946776
1954,-87.85,0.05,0.5831294664197746
1955,-87.85,0.15,0.5828668075950711
1956,-87.85,0.25,0.5645195374964209
1957,-87.85,0.35,0.523954222742131
1958,-87.85,0.45,0.5695153794844291
1959,-87.85,0.55,0.5783016134086603
1960,-87.85,0.65,0.613092393416132
1961,-87.85,0.75,0.6280128613077662
1962,-87.85,0.85,0.6531793614350099
1963,-87.85,0.95,0.6234741406464293
1964,-87.85,1.05,0.5994389728169127
1965,-87.85,1.15,0.5648959923144599
1966,-87.85,1.25,0.5566164712061208
1967,-87.85,1.35,0.5631511931500663
1968,-87.85,1.45,0.5394560927645864
1969,-87.85,1.55,0.47446681566609294
1970,-87.85,1.65,0.49398201784155427
1971,-87.85,1.75,0.4778957427249587
1972,-87.85,1.85,0.49449974057251433
1973,-87.85,1.95,0.5288637775099532
1974,-87.75,-2.15,0.42300773915911627
1975,-87.75,-2.05,0.4090554946791425
1976,-87.75,-1.95,0.40427335767197525
1977,-87.75,-1.85,0.4119788508806488
1978,-87.75,-1.75,0.43793251879072637
1979,-87.75,-1.65,0.47888620543198557
1980,-87.75,-1.55,0.45068145013047967
1981,-87.75,-1.45,0.44195923646843227
1982,-87.75,-1.35,0.4212902128181223
1983,-87.75,-1.25,0.37957169593883744
1984,-87.75,-1.15,0.3763365034621595
1985,-87.75,-1.05,0.38127130812609045
1986,-87.75,-0.95,0.3324858608549003
1987,-87.75,-0.85,0.33407699757289355
1988,-87.75,-0.75,0.3716191423388354
1989,-87.75,-0.65,0.42895253579044257
1990,-87.75,-0.55,0.46062365330301847
1991,-87.75,-0.45,0.4965313504214982
1992,-87.75,-0.35,0.5642146527777492
1993,-87.75,-0.25,0.5658941500329377
1994,-87.75,-0.15,0.5828895271832533
1995,-87.75,-0.05,0.5855446773211173
1996,-87.75,0.05,0.569861834278701
1997,-87.75,0.15,0.5502724091282603
1998,-87.75,0.25,0.561077547906129
1999,-87.75,0.35,0.5348539820356444
2000,-87.75,0.45,0.5554409701555331
2001,-87.75,0.55,0.5561304489900802
2002,-87.75,0.65,0.5965948562249282
2003,-87.75,0.75,0.6123782456864517
2004,-87.75,0.85,0.6383341470732788
2005,-87.75,0.95,0.632112315587162
2006,-87.75,1.05,0.5843834504100909
2007,-87.75,1.15,0.5796610550743103
2008,-87.75,1.25,0.5446791076011819
2009,-87.75,1.35,0.4931426969899392
2010,-87.75,1.45,0.4808297505466558
2011,-87.75,1.55,0.4780987328823193
2012,-87.75,1.65,0.48776268008815193
2013,-87.75,1.75,0.47954196177307196
2014,-87.75,1.85,0.5105760165844947
2015,-87.75,1.95,0.5364784557819574
2016,-87.65,-2.15,0.3920980012799452
2017,-87.65,-2.05,0.39601951257053003
2018,-87.65,-1.95,0.4155702939938144
2019,-87.65,-1.85,0.42801587579418743
2020,-87.65,-1.75,0.42060800899278916
2021,-87.65,-1.65,0.4951374279258529
2022,-87.65,-1.55,0.4531383359036567
2023,-87.65,-1.45,0.45141745172247794
2024,-87.65,-1.35,0.4201140147593291
2025,-87.65,-1.25,0.3959531177175386
2026,-87.65,-1.15,0.37414285235844147
2027,-87.65,-1.05,0.3741483924374317
2028,-87.65,-0.95,0.33824082938257805
2029,-87.65,-0.85,0.3666494305175957
2030,-87.65,-0.75,0.40250434293458426
2031,-87.65,-0.65,0.4501286689936267
2032,-87.65,-0.55,0.5256340588760606
2033,-87.65,-0.45,0.49826835569795724
2034,-87.65,-0.35,0.5637465776807489
2035,-87.65,-0.25,0.5768142281302575
2036,-87.65,-0.15,0.5882188069804051
2037,-87.65,-0.05,0.5660667350483366
2038,-87.65,0.05,0.5422856145287646
2039,-87.65,0.15,0.4970729363453522
2040,-87.65,0.25,0.5246506043618234
2041,-87.65,0.35,0.5316869955416633
2042,-87.65,0.45,0.5496492110497895
2043,-87.65,0.55,0.5390418388253244
2044,-87.65,0.65,0.5775922387063582
2045,-87.65,0.75,0.6040148052693431
2046,-87.65,0.85,0.6141744469277892
2047,-87.65,0.95,0.614056914595837
2048,-87.65,1.05,0.5778535772326276
2049,-87.65,1.15,0.5816402573537287
2050,-87.65,1.25,0.5245437292111288
2051,-87.65,1.35,0.45183117456535404
2052,-87.65,1.45,0.46143966837879336
2053,-87.65,1.55,0.4944416796701073
2054,-87.65,1.65,0.5002686560996517
2055,-87.65,1.75,0.5017883474649087
2056,-87.65,1.85,0.5054232565557979
2057,-87.65,1.95,0.5245239871870688
2058,-87.55,-2.15,0.39410659510714363
2059,-87.55,-2.05,0.39820775665748775
2060,-87.55,-1.95,0.4290639088446082
2061,-87.55,-1.85,0.43381386641515274
2062,-87.55,-1.75,0.40427163633451846
2063,-87.55,-1.65,0.4592187264630827
2064,-87.55,-1.55,0.4126519913153174
2065,-87.55,-1.45,0.38245354655826536
2066,-87.55,-1.35,0.42692639792694
2067,-87.55,-1.25,0.3811546403298791
2068,-87.55,-1.15,0.36903178514179413
2069,-87.55,-1.05,0.3567185846160368
2070,-87.55,-0.95,0.40199925786434487
2071,-87.55,-0.85,0.3896900467233465
2072,-87.55,-0.75,0.46241116224210665
2073,-87.55,-0.65,0.46086721397628394
2074,-87.55,-0.55,0.5328697084389512
2075,-87.55,-0.45,0.5119476628216914
2076,-87.55,-0.35,0.5344553829139171
2077,-87.55,-0.25,0.574169485980514
2078,-87.55,-0.15,0.5718815477615196
2079,-87.55,-0.05,0.5372267381965735
2080,-87.55,0.05,0.5244578268073172
2081,-87.55,0.15,0.4880146735021903
2082,-87.55,0.25,0.44715606990243406
2083,-87.55,0.35,0.461181414936605
2084,-87.55,0.45,0.522965062939468
2085,-87.55,0.55,0.5174510907672742
2086,-87.55,0.65,0.5600926776749886
2087,-87.55,0.75,0.5853968607936988
2088,-87.55,0.85,0.5956172671554125
2089,-87.55,0.95,0.6015315697069092
2090,-87.55,1.05,0.5908014123270282
2091,-87.55,1.15,0.5722328391514994
2092,-87.55,1.25,0.5460378615383161
2093,-87.55,1.35,0.5191269599986097
2094,-87.55,1.45,0.45289782402216694
2095,-87.55,1.55,0.45868366553378825
2096,-87.55,1.65,0.5231259251059894
2097,-87.55,1.75,0.5313286657476863
2098,-87.55,1.85,0.524374990625915
2099,-87.55,1.95,0.5436510937299353
2100,-87.45,-2.15,0.43206360385062414
2101,-87.45,-2.05,0.42857866559322466
2102,-87.45,-1.95,0.4368079929248547
2103,-87.45,-1.85,0.4362371038096361
2104,-87.45,-1.75,0.4385752885388605
2105,-87.45,-1.65,0.42419541501097724
2106,-87.45,-1.55,0.3944131900088953
2107,-87.45,-1.45,0.3679560100455884
2108,-87.45,-1.35,0.3798917928815059
2109,-87.45,-1.25,0.4079298059104228
2110,-87.45,-1.15,0.3811633835148137
2111,-87.45,-1.05,0.35842055640471215
2112,-87.45,-0.95,0.3691589610187034
2113,-87.45,-0.85,0.4040665788900665
2114,-87.45,-0.75,0.4461945219928063
2115,-87.45,-0.65,0.48553068927840193
2116,-87.45,-0.55,0.4952578026639146
2117,-87.45,-0.45,0.5010296914912273
2118,-87.45,-0.35,0.5268393850031661
2119,-87.45,-0.25,0.5332888137510459
2120,-87.45,-0.15,0.5155215114835652
2121,-87.45,-0.05,0.46173604353259046
2122,-87.45,0.05,0.44416675045310483
2123,-87.45,0.15,0.4316342944052698
2124,-87.45,0.25,0.4804884340949561
2125,-87.45,0.35,0.5469438111014395
2126,-87.45,0.45,0.5649954831434492
2127,-87.45,0.55,0.5670069992537737
2128,-87.45,0.65,0.5604981776528424
2129,-87.45,0.75,0.5763064125810919
2130,-87.45,0.85,0.5792779324273329
2131,-87.45,0.95,0.5961416648589912
2132,-87.45,1.05,0.5945512484262458
2133,-87.45,1.15,0.5974442713271231
2134,-87.45,1.25,0.551336067361242
2135,-87.45,1.35,0.4842117523624331
2136,-87.45,1.45,0.4532146446673688
2137,-87.45,1.55,0.49424707830933556
2138,-87.45,1.65,0.5631821163732771
2139,-87.45,1.75,0.5689924892325648
2140,-87.45,1.85,0.560588579598056
2141,-87.45,1.95,0.5835591863000884
2142,-87.35,-2.15,0.4402568638456703
2143,-87.35,-2.05,0.42867497511557384
2144,-87.35,-1.95,0.4223394835936375
2145,-87.35,-1.85,0.4327679473603754
2146,-87.35,-1.75,0.4204142081276038
2147,-87.35,-1.65,0.42210353417695656
2148,-87.35,-1.55,0.3855749211657701
2149,-87.35,-1.45,0.3357265543890574
2150,-87.35,-1.35,0.3998945347824002
2151,-87.35,-1.25,0.4069017587835839
2152,-87.35,-1.15,0.3863716214792321
2153,-87.35,-1.05,0.3673793772682904
2154,-87.35,-0.95,0.37074888231367387
2155,-87.35,-0.85,0.3907096570421954
2156,-87.35,-0.75,0.4064167587661842
2157,-87.35,-0.65,0.4320856490347982
2158,-87.35,-0.55,0.4679615596711836
2159,-87.35,-0.45,0.45711730256655025
2160,-87.35,-0.35,0.4691660406098678
2161,-87.35,-0.25,0.4893554221785379
2162,-87.35,-0.15,0.4710687671500129
2163,-87.35,-0.05,0.45613763972632504
2164,-87.35,0.05,0.47745332871419455
2165,-87.35,0.15,0.4572424687855291
2166,-87.35,0.25,0.4737774760410193
2167,-87.35,0.35,0.49955415033803896
2168,-87.35,0.45,0.5319276882844577
2169,-87.35,0.55,0.5196847488155449
2170,-87.35,0.65,0.5504961709782119
2171,-87.35,0.75,0.5476865153474427
2172,-87.35,0.85,0.55267326259136
2173,-87.35,0.95,0.548866852557815
2174,-87.35,1.05,0.5825625295948028
2175,-87.35,1.15,0.5772710694174699
2176,-87.35,1.25,0.5624782809097941
2177,-87.35,1.35,0.4922600617285966
2178,-87.35,1.45,0.5012245146294274
2179,-87.35,1.55,0.5340283017911172
2180,-87.35,1.65,0.5904392817189945
2181,-87.35,1.75,0.5642095660929598
2182,-87.35,1.85,0.5825000457467727
2183,-87.35,1.95,0.5618181149804584
2184,-87.25,-2.15,0.439519351078301
2185,-87.25,-2.05,0.4430385202588347
2186,-87.25,-1.95,0.44728950612121976
2187,-87.25,-1.85,0.4357599343403049
2188,-87.25,-1.75,0.42544576607369844
2189,-87.25,-1.65,0.42062092435898746
2190,-87.25,-1.55,0.38350982032517666
2191,-87.25,-1.45,0.37181724011171347
2192,-87.25,-1.35,0.412019954140447
2193,-87.25,-1.25,0.40383301360337975
2194,-87.25,-1.15,0.38477415706508566
2195,-87.25,-1.05,0.3333949983072232
2196,-87.25,-0.95,0.38621846024650797
2197,-87.25,-0.85,0.37963453249909906
2198,-87.25,-0.75,0.38221579642284276
2199,-87.25,-0.65,0.4064854968114343
2200,-87.25,-0.55,0.43960501288434084
2201,-87.25,-0.45,0.4532189158457439
2202,-87.25,-0.35,0.4601904048874669
2203,-87.25,-0.25,0.47842724153235616
2204,-87.25,-0.15,0.4621806443542017
2205,-87.25,-0.05,0.4132621041846718
2206,-87.25,0.05,0.3954339834689994
2207,-87.25,0.15,0.43344260834411896
2208,-87.25,0.25,0.47128381638674754
2209,-87.25,0.35,0.5094988219367804
2210,-87.25,0.45,0.5280988504012295
2211,-87.25,0.55,0.5268076882753712
2212,-87.25,0.65,0.5483098208243333
2213,-87.25,0.75,0.5325301066038106
2214,-87.25,0.85,0.5501497235774304
2215,-87.25,0.95,0.5313759939185145
2216,-87.25,1.05,0.5942736290127872
2217,-87.25,1.15,0.5611626882612804
2218,-87.25,1.25,0.5581424466094251
2219,-87.25,1.35,0.49809702014358825
2220,-87.25,1.45,0.5187702491841909
2221,-87.25,1.55,0.5076844975455599
2222,-87.25,1.65,0.5975324707077911
2223,-87.25,1.75,0.5706818564347506
2224,-87.25,1.85,0.570356873159411
2225,-87.25,1.95,0.5323517385562557
